source_file,source_page,official_name,filing_datetime,transaction_date,owner,transaction_type,amount_bucket_raw,asset_name,ticker,asset_type,filer,tx_type_raw,tx_date_raw,filing_date,ticker_norm,issuer_norm,asset_id,tx_sign,tx_weight,tx_impulse
bd886067-927f-48a8-9d43-8ab6fa713f98,1,UNKNOWN,2026-02-18 00:00:00+00:00,2026-02-10,Self,SELL,"$1,001 - $15,000",UNP,UNP,Stock,UNKNOWN,SELL,2026-02-10,2026-02-18,UNP,UNP,UNP,-1,1.0,-1.0
bd886067-927f-48a8-9d43-8ab6fa713f98,1,UNKNOWN,2026-02-18 00:00:00+00:00,2026-02-10,Self,SELL,"$1,001 - $15,000",SPYM,SPYM,Stock,UNKNOWN,SELL,2026-02-10,2026-02-18,SPYM,SPYM,SPYM,-1,1.0,-1.0
bd886067-927f-48a8-9d43-8ab6fa713f98,1,UNKNOWN,2026-02-18 00:00:00+00:00,2026-02-10,Self,SELL,"$1,001 - $15,000",MDY,MDY,Stock,UNKNOWN,SELL,2026-02-10,2026-02-18,MDY,MDY,MDY,-1,1.0,-1.0
bd886067-927f-48a8-9d43-8ab6fa713f98,1,UNKNOWN,2026-02-18 00:00:00+00:00,2026-02-10,Self,SELL,"$1,001 - $15,000",FULL,FULL,Stock,UNKNOWN,SELL,2026-02-10,2026-02-18,FULL,FULL,FULL,-1,1.0,-1.0
bd886067-927f-48a8-9d43-8ab6fa713f98,1,UNKNOWN,2026-02-18 00:00:00+00:00,2026-02-10,Self,SELL,"$1,001 - $15,000",OMC,OMC,Stock,UNKNOWN,SELL,2026-02-10,2026-02-18,OMC,OMC,OMC,-1,1.0,-1.0
bd886067-927f-48a8-9d43-8ab6fa713f98,1,UNKNOWN,2026-02-18 00:00:00+00:00,2026-02-10,Self,SELL,"$1,001 - $15,000",MU,MU,Stock,UNKNOWN,SELL,2026-02-10,2026-02-18,MU,MU,MU,-1,1.0,-1.0
bd886067-927f-48a8-9d43-8ab6fa713f98,1,UNKNOWN,2026-02-18 00:00:00+00:00,2026-02-10,Self,SELL,"$1,001 - $15,000",MU,MU,Stock,UNKNOWN,SELL,2026-02-10,2026-02-18,MU,MU,MU,-1,1.0,-1.0
bd886067-927f-48a8-9d43-8ab6fa713f98,1,UNKNOWN,2026-02-18 00:00:00+00:00,2026-02-10,Self,SELL,"$1,001 - $15,000",LRCX,LRCX,Stock,UNKNOWN,SELL,2026-02-10,2026-02-18,LRCX,LRCX,LRCX,-1,1.0,-1.0
bd886067-927f-48a8-9d43-8ab6fa713f98,1,UNKNOWN,2026-02-18 00:00:00+00:00,2026-02-10,Self,SELL,"$1,001 - $15,000",FULL,FULL,Stock,UNKNOWN,SELL,2026-02-10,2026-02-18,FULL,FULL,FULL,-1,1.0,-1.0
bd886067-927f-48a8-9d43-8ab6fa713f98,1,UNKNOWN,2026-02-18 00:00:00+00:00,2026-02-10,Self,SELL,"$1,001 - $15,000",IWM,IWM,Stock,UNKNOWN,SELL,2026-02-10,2026-02-18,IWM,IWM,IWM,-1,1.0,-1.0
bd886067-927f-48a8-9d43-8ab6fa713f98,1,UNKNOWN,2026-02-18 00:00:00+00:00,2026-02-10,Self,SELL,"$1,001 - $15,000",FULL,FULL,Stock,UNKNOWN,SELL,2026-02-10,2026-02-18,FULL,FULL,FULL,-1,1.0,-1.0
bd886067-927f-48a8-9d43-8ab6fa713f98,1,UNKNOWN,2026-02-18 00:00:00+00:00,2026-02-10,Self,SELL,"$1,001 - $15,000",FULL,FULL,Stock,UNKNOWN,SELL,2026-02-10,2026-02-18,FULL,FULL,FULL,-1,1.0,-1.0
bd886067-927f-48a8-9d43-8ab6fa713f98,1,UNKNOWN,2026-02-18 00:00:00+00:00,2026-02-10,Self,SELL,"$1,001 - $15,000",FULL,FULL,Stock,UNKNOWN,SELL,2026-02-10,2026-02-18,FULL,FULL,FULL,-1,1.0,-1.0
bd886067-927f-48a8-9d43-8ab6fa713f98,1,UNKNOWN,2026-02-18 00:00:00+00:00,2026-02-10,Self,SELL,"$1,001 - $15,000",FULL,FULL,Stock,UNKNOWN,SELL,2026-02-10,2026-02-18,FULL,FULL,FULL,-1,1.0,-1.0
135ebfe9-099e-4d58-ba46-f739b90d61da,1,UNKNOWN,2026-02-18 00:00:00+00:00,2026-02-10,Self,BUY,"$1,001 - $15,000",INC,INC,Stock,UNKNOWN,BUY,2026-02-10,2026-02-18,INC,INC,INC,1,1.0,1.0
135ebfe9-099e-4d58-ba46-f739b90d61da,1,UNKNOWN,2026-02-18 00:00:00+00:00,2026-02-10,Self,BUY,"$1,001 - $15,000",VNQI,VNQI,Stock,UNKNOWN,BUY,2026-02-10,2026-02-18,VNQI,VNQI,VNQI,1,1.0,1.0
135ebfe9-099e-4d58-ba46-f739b90d61da,1,UNKNOWN,2026-02-18 00:00:00+00:00,2026-02-10,Self,BUY,"$1,001 - $15,000",TPYP,TPYP,Stock,UNKNOWN,BUY,2026-02-10,2026-02-18,TPYP,TPYP,TPYP,1,1.0,1.0
135ebfe9-099e-4d58-ba46-f739b90d61da,1,UNKNOWN,2026-02-18 00:00:00+00:00,2026-02-10,Self,BUY,"$1,001 - $15,000",LITP,LITP,Stock,UNKNOWN,BUY,2026-02-10,2026-02-18,LITP,LITP,LITP,1,1.0,1.0
135ebfe9-099e-4d58-ba46-f739b90d61da,1,UNKNOWN,2026-02-18 00:00:00+00:00,2026-02-10,Self,BUY,"$1,001 - $15,000",PYPL,PYPL,Stock,UNKNOWN,BUY,2026-02-10,2026-02-18,PYPL,PYPL,PYPL,1,1.0,1.0
135ebfe9-099e-4d58-ba46-f739b90d61da,1,UNKNOWN,2026-02-18 00:00:00+00:00,2026-02-10,Self,BUY,"$1,001 - $15,000",RNWGX,RNWGX,Stock,UNKNOWN,BUY,2026-02-10,2026-02-18,RNWGX,RNWGX,RNWGX,1,1.0,1.0
135ebfe9-099e-4d58-ba46-f739b90d61da,1,UNKNOWN,2026-02-18 00:00:00+00:00,2026-02-10,Self,BUY,"$1,001 - $15,000",NFLX,NFLX,Stock,UNKNOWN,BUY,2026-02-10,2026-02-18,NFLX,NFLX,NFLX,1,1.0,1.0
135ebfe9-099e-4d58-ba46-f739b90d61da,1,UNKNOWN,2026-02-18 00:00:00+00:00,2026-02-10,Self,BUY,"$1,001 - $15,000",JMBS,JMBS,Stock,UNKNOWN,BUY,2026-02-10,2026-02-18,JMBS,JMBS,JMBS,1,1.0,1.0
135ebfe9-099e-4d58-ba46-f739b90d61da,1,UNKNOWN,2026-02-18 00:00:00+00:00,2026-02-10,Self,BUY,"$1,001 - $15,000",IVV,IVV,Stock,UNKNOWN,BUY,2026-02-10,2026-02-18,IVV,IVV,IVV,1,1.0,1.0
135ebfe9-099e-4d58-ba46-f739b90d61da,1,UNKNOWN,2026-02-18 00:00:00+00:00,2026-02-10,Self,BUY,"$1,001 - $15,000",CMBS,CMBS,Stock,UNKNOWN,BUY,2026-02-10,2026-02-18,CMBS,CMBS,CMBS,1,1.0,1.0
135ebfe9-099e-4d58-ba46-f739b90d61da,1,UNKNOWN,2026-02-18 00:00:00+00:00,2026-02-10,Self,BUY,"$1,001 - $15,000",MBB,MBB,Stock,UNKNOWN,BUY,2026-02-10,2026-02-18,MBB,MBB,MBB,1,1.0,1.0
135ebfe9-099e-4d58-ba46-f739b90d61da,1,UNKNOWN,2026-02-18 00:00:00+00:00,2026-02-10,Self,BUY,"$1,001 - $15,000",TBLL,TBLL,Stock,UNKNOWN,BUY,2026-02-10,2026-02-18,TBLL,TBLL,TBLL,1,1.0,1.0
135ebfe9-099e-4d58-ba46-f739b90d61da,1,UNKNOWN,2026-02-18 00:00:00+00:00,2026-02-10,Self,BUY,"$1,001 - $15,000",GIGB,GIGB,Stock,UNKNOWN,BUY,2026-02-10,2026-02-18,GIGB,GIGB,GIGB,1,1.0,1.0
135ebfe9-099e-4d58-ba46-f739b90d61da,1,UNKNOWN,2026-02-18 00:00:00+00:00,2026-02-10,Self,BUY,"$1,001 - $15,000",GEM,GEM,Stock,UNKNOWN,BUY,2026-02-10,2026-02-18,GEM,GEM,GEM,1,1.0,1.0
135ebfe9-099e-4d58-ba46-f739b90d61da,1,UNKNOWN,2026-02-18 00:00:00+00:00,2026-02-10,Self,BUY,"$1,001 - $15,000",FTGC,FTGC,Stock,UNKNOWN,BUY,2026-02-10,2026-02-18,FTGC,FTGC,FTGC,1,1.0,1.0
135ebfe9-099e-4d58-ba46-f739b90d61da,1,UNKNOWN,2026-02-18 00:00:00+00:00,2026-02-10,Self,BUY,"$1,001 - $15,000",EIPI,EIPI,Stock,UNKNOWN,BUY,2026-02-10,2026-02-18,EIPI,EIPI,EIPI,1,1.0,1.0
135ebfe9-099e-4d58-ba46-f739b90d61da,1,UNKNOWN,2026-02-18 00:00:00+00:00,2026-02-10,Self,BUY,"$1,001 - $15,000",XOM,XOM,Stock,UNKNOWN,BUY,2026-02-10,2026-02-18,XOM,XOM,XOM,1,1.0,1.0
135ebfe9-099e-4d58-ba46-f739b90d61da,1,UNKNOWN,2026-02-18 00:00:00+00:00,2026-02-10,Self,BUY,"$1,001 - $15,000",ETN,ETN,Stock,UNKNOWN,BUY,2026-02-10,2026-02-18,ETN,ETN,ETN,1,1.0,1.0
135ebfe9-099e-4d58-ba46-f739b90d61da,1,UNKNOWN,2026-02-18 00:00:00+00:00,2026-02-10,Self,BUY,"$1,001 - $15,000",DIS,DIS,Stock,UNKNOWN,BUY,2026-02-10,2026-02-18,DIS,DIS,DIS,1,1.0,1.0
135ebfe9-099e-4d58-ba46-f739b90d61da,1,UNKNOWN,2026-02-18 00:00:00+00:00,2026-02-10,Self,BUY,"$1,001 - $15,000",DXCM,DXCM,Stock,UNKNOWN,BUY,2026-02-10,2026-02-18,DXCM,DXCM,DXCM,1,1.0,1.0
135ebfe9-099e-4d58-ba46-f739b90d61da,1,UNKNOWN,2026-02-18 00:00:00+00:00,2026-02-10,Self,BUY,"$1,001 - $15,000",CVS,CVS,Stock,UNKNOWN,BUY,2026-02-10,2026-02-18,CVS,CVS,CVS,1,1.0,1.0
135ebfe9-099e-4d58-ba46-f739b90d61da,1,UNKNOWN,2026-02-18 00:00:00+00:00,2026-02-10,Self,BUY,"$1,001 - $15,000",CAT,CAT,Stock,UNKNOWN,BUY,2026-02-10,2026-02-18,CAT,CAT,CAT,1,1.0,1.0
135ebfe9-099e-4d58-ba46-f739b90d61da,1,UNKNOWN,2026-02-18 00:00:00+00:00,2026-02-10,Self,BUY,"$1,001 - $15,000",AAPL,AAPL,Stock,UNKNOWN,BUY,2026-02-10,2026-02-18,AAPL,AAPL,AAPL,1,1.0,1.0
ab93dc59-4217-40a6-bee8-ba19deae027a,1,UNKNOWN,2026-02-18 00:00:00+00:00,2026-02-10,Self,BUY,"$1,001 - $15,000",ME,ME,Stock,UNKNOWN,BUY,2026-02-10,2026-02-18,ME,ME,ME,1,1.0,1.0
83722654-25b1-499e-8ad5-4a1349d993a6,1,UNKNOWN,2026-02-18 00:00:00+00:00,2026-02-10,Self,SELL,"$1,001 - $15,000",SELF,SELF,Stock,UNKNOWN,SELL,2026-02-10,2026-02-18,SELF,SELF,SELF,-1,1.0,-1.0
83722654-25b1-499e-8ad5-4a1349d993a6,1,UNKNOWN,2026-02-18 00:00:00+00:00,2026-02-10,Self,SELL,"$1,001 - $15,000",THE,THE,Stock,UNKNOWN,SELL,2026-02-10,2026-02-18,THE,THE,THE,-1,1.0,-1.0
83722654-25b1-499e-8ad5-4a1349d993a6,1,UNKNOWN,2026-02-18 00:00:00+00:00,2026-02-10,Self,BUY,"$1,001 - $15,000",SELF,SELF,Stock,UNKNOWN,BUY,2026-02-10,2026-02-18,SELF,SELF,SELF,1,1.0,1.0
83722654-25b1-499e-8ad5-4a1349d993a6,1,UNKNOWN,2026-02-18 00:00:00+00:00,2026-02-10,Self,BUY,"$1,001 - $15,000",SELF,SELF,Stock,UNKNOWN,BUY,2026-02-10,2026-02-18,SELF,SELF,SELF,1,1.0,1.0
863cb85f-ff3b-41b2-ac1b-7d82f427c7b4,1,UNKNOWN,2026-02-18 00:00:00+00:00,2026-02-10,Self,SELL,"$1,001 - $15,000",SBUX,SBUX,Stock,UNKNOWN,SELL,2026-02-10,2026-02-18,SBUX,SBUX,SBUX,-1,1.0,-1.0
98b3317b-2632-48c3-b636-d5555c4680ca,1,UNKNOWN,2026-02-18 00:00:00+00:00,2026-02-10,Self,SELL,"$1,001 - $15,000",ST,ST,Stock,UNKNOWN,SELL,2026-02-10,2026-02-18,ST,ST,ST,-1,1.0,-1.0
98b3317b-2632-48c3-b636-d5555c4680ca,1,UNKNOWN,2026-02-18 00:00:00+00:00,2026-02-10,Self,SELL,"$1,001 - $15,000",ST,ST,Stock,UNKNOWN,SELL,2026-02-10,2026-02-18,ST,ST,ST,-1,1.0,-1.0
98b3317b-2632-48c3-b636-d5555c4680ca,1,UNKNOWN,2026-02-18 00:00:00+00:00,2026-02-10,Self,SELL,"$1,001 - $15,000",MEX,MEX,Stock,UNKNOWN,SELL,2026-02-10,2026-02-18,MEX,MEX,MEX,-1,1.0,-1.0
98b3317b-2632-48c3-b636-d5555c4680ca,1,UNKNOWN,2026-02-18 00:00:00+00:00,2026-02-10,Self,SELL,"$1,001 - $15,000",TEX,TEX,Stock,UNKNOWN,SELL,2026-02-10,2026-02-18,TEX,TEX,TEX,-1,1.0,-1.0
98b3317b-2632-48c3-b636-d5555c4680ca,1,UNKNOWN,2026-02-18 00:00:00+00:00,2026-02-10,Self,SELL,"$1,001 - $15,000",TEX,TEX,Stock,UNKNOWN,SELL,2026-02-10,2026-02-18,TEX,TEX,TEX,-1,1.0,-1.0
98b3317b-2632-48c3-b636-d5555c4680ca,1,UNKNOWN,2026-02-18 00:00:00+00:00,2026-02-10,Self,SELL,"$1,001 - $15,000",AUTH,AUTH,Stock,UNKNOWN,SELL,2026-02-10,2026-02-18,AUTH,AUTH,AUTH,-1,1.0,-1.0
98b3317b-2632-48c3-b636-d5555c4680ca,1,UNKNOWN,2026-02-18 00:00:00+00:00,2026-02-10,Self,SELL,"$1,001 - $15,000",WEST,WEST,Stock,UNKNOWN,SELL,2026-02-10,2026-02-18,WEST,WEST,WEST,-1,1.0,-1.0
98b3317b-2632-48c3-b636-d5555c4680ca,1,UNKNOWN,2026-02-18 00:00:00+00:00,2026-02-10,Self,SELL,"$1,001 - $15,000",ST,ST,Stock,UNKNOWN,SELL,2026-02-10,2026-02-18,ST,ST,ST,-1,1.0,-1.0
98b3317b-2632-48c3-b636-d5555c4680ca,1,UNKNOWN,2026-02-18 00:00:00+00:00,2026-02-10,Self,SELL,"$1,001 - $15,000",ST,ST,Stock,UNKNOWN,SELL,2026-02-10,2026-02-18,ST,ST,ST,-1,1.0,-1.0
98b3317b-2632-48c3-b636-d5555c4680ca,1,UNKNOWN,2026-02-18 00:00:00+00:00,2026-02-10,Self,SELL,"$1,001 - $15,000",COOK,COOK,Stock,UNKNOWN,SELL,2026-02-10,2026-02-18,COOK,COOK,COOK,-1,1.0,-1.0
98b3317b-2632-48c3-b636-d5555c4680ca,1,UNKNOWN,2026-02-18 00:00:00+00:00,2026-02-10,Self,SELL,"$1,001 - $15,000",IPS,IPS,Stock,UNKNOWN,SELL,2026-02-10,2026-02-18,IPS,IPS,IPS,-1,1.0,-1.0
98b3317b-2632-48c3-b636-d5555c4680ca,1,UNKNOWN,2026-02-18 00:00:00+00:00,2026-02-10,Self,SELL,"$1,001 - $15,000",SALEM,SALEM,Stock,UNKNOWN,SELL,2026-02-10,2026-02-18,SALEM,SALEM,SALEM,-1,1.0,-1.0
98b3317b-2632-48c3-b636-d5555c4680ca,1,UNKNOWN,2026-02-18 00:00:00+00:00,2026-02-10,Self,SELL,"$1,001 - $15,000",FORT,FORT,Stock,UNKNOWN,SELL,2026-02-10,2026-02-18,FORT,FORT,FORT,-1,1.0,-1.0
98b3317b-2632-48c3-b636-d5555c4680ca,1,UNKNOWN,2026-02-18 00:00:00+00:00,2026-02-10,Self,SELL,"$1,001 - $15,000",TEX,TEX,Stock,UNKNOWN,SELL,2026-02-10,2026-02-18,TEX,TEX,TEX,-1,1.0,-1.0
98b3317b-2632-48c3-b636-d5555c4680ca,1,UNKNOWN,2026-02-18 00:00:00+00:00,2026-02-10,Self,SELL,"$1,001 - $15,000",INTER,INTER,Stock,UNKNOWN,SELL,2026-02-10,2026-02-18,INTER,INTER,INTER,-1,1.0,-1.0
98b3317b-2632-48c3-b636-d5555c4680ca,1,UNKNOWN,2026-02-18 00:00:00+00:00,2026-02-10,Self,SELL,"$1,001 - $15,000",CLEAR,CLEAR,Stock,UNKNOWN,SELL,2026-02-10,2026-02-18,CLEAR,CLEAR,CLEAR,-1,1.0,-1.0
98b3317b-2632-48c3-b636-d5555c4680ca,1,UNKNOWN,2026-02-18 00:00:00+00:00,2026-02-10,Self,SELL,"$1,001 - $15,000",FORT,FORT,Stock,UNKNOWN,SELL,2026-02-10,2026-02-18,FORT,FORT,FORT,-1,1.0,-1.0
98b3317b-2632-48c3-b636-d5555c4680ca,1,UNKNOWN,2026-02-18 00:00:00+00:00,2026-02-10,Self,SELL,"$1,001 - $15,000",WASH,WASH,Stock,UNKNOWN,SELL,2026-02-10,2026-02-18,WASH,WASH,WASH,-1,1.0,-1.0
98b3317b-2632-48c3-b636-d5555c4680ca,1,UNKNOWN,2026-02-18 00:00:00+00:00,2026-02-10,Self,SELL,"$1,001 - $15,000",COOK,COOK,Stock,UNKNOWN,SELL,2026-02-10,2026-02-18,COOK,COOK,COOK,-1,1.0,-1.0
98b3317b-2632-48c3-b636-d5555c4680ca,1,UNKNOWN,2026-02-18 00:00:00+00:00,2026-02-10,Self,BUY,"$1,001 - $15,000",VSEC,VSEC,Stock,UNKNOWN,BUY,2026-02-10,2026-02-18,VSEC,VSEC,VSEC,1,1.0,1.0
98b3317b-2632-48c3-b636-d5555c4680ca,1,UNKNOWN,2026-02-18 00:00:00+00:00,2026-02-10,Self,BUY,"$1,001 - $15,000",MPWR,MPWR,Stock,UNKNOWN,BUY,2026-02-10,2026-02-18,MPWR,MPWR,MPWR,1,1.0,1.0
98b3317b-2632-48c3-b636-d5555c4680ca,1,UNKNOWN,2026-02-18 00:00:00+00:00,2026-02-10,Self,BUY,"$1,001 - $15,000",MCK,MCK,Stock,UNKNOWN,BUY,2026-02-10,2026-02-18,MCK,MCK,MCK,1,1.0,1.0
98b3317b-2632-48c3-b636-d5555c4680ca,1,UNKNOWN,2026-02-18 00:00:00+00:00,2026-02-10,Self,BUY,"$1,001 - $15,000",LRN,LRN,Stock,UNKNOWN,BUY,2026-02-10,2026-02-18,LRN,LRN,LRN,1,1.0,1.0
98b3317b-2632-48c3-b636-d5555c4680ca,1,UNKNOWN,2026-02-18 00:00:00+00:00,2026-02-10,Self,BUY,"$1,001 - $15,000",FCFS,FCFS,Stock,UNKNOWN,BUY,2026-02-10,2026-02-18,FCFS,FCFS,FCFS,1,1.0,1.0
98b3317b-2632-48c3-b636-d5555c4680ca,1,UNKNOWN,2026-02-18 00:00:00+00:00,2026-02-10,Self,BUY,"$1,001 - $15,000",CRS,CRS,Stock,UNKNOWN,BUY,2026-02-10,2026-02-18,CRS,CRS,CRS,1,1.0,1.0
98b3317b-2632-48c3-b636-d5555c4680ca,1,UNKNOWN,2026-02-18 00:00:00+00:00,2026-02-10,Self,BUY,"$1,001 - $15,000",INC,INC,Stock,UNKNOWN,BUY,2026-02-10,2026-02-18,INC,INC,INC,1,1.0,1.0
98b3317b-2632-48c3-b636-d5555c4680ca,1,UNKNOWN,2026-02-18 00:00:00+00:00,2026-02-10,Self,BUY,"$1,001 - $15,000",APG,APG,Stock,UNKNOWN,BUY,2026-02-10,2026-02-18,APG,APG,APG,1,1.0,1.0
98b3317b-2632-48c3-b636-d5555c4680ca,1,UNKNOWN,2026-02-18 00:00:00+00:00,2026-02-10,Self,BUY,"$1,001 - $15,000",AMKR,AMKR,Stock,UNKNOWN,BUY,2026-02-10,2026-02-18,AMKR,AMKR,AMKR,1,1.0,1.0
98b3317b-2632-48c3-b636-d5555c4680ca,1,UNKNOWN,2026-02-18 00:00:00+00:00,2026-02-10,Self,BUY,"$1,001 - $15,000",ADBE,ADBE,Stock,UNKNOWN,BUY,2026-02-10,2026-02-18,ADBE,ADBE,ADBE,1,1.0,1.0
98b3317b-2632-48c3-b636-d5555c4680ca,1,UNKNOWN,2026-02-18 00:00:00+00:00,2026-02-10,Self,BUY,"$1,001 - $15,000",SELF,SELF,Stock,UNKNOWN,BUY,2026-02-10,2026-02-18,SELF,SELF,SELF,1,1.0,1.0
98b3317b-2632-48c3-b636-d5555c4680ca,1,UNKNOWN,2026-02-18 00:00:00+00:00,2026-02-10,Self,BUY,"$1,001 - $15,000",SELF,SELF,Stock,UNKNOWN,BUY,2026-02-10,2026-02-18,SELF,SELF,SELF,1,1.0,1.0
98b3317b-2632-48c3-b636-d5555c4680ca,1,UNKNOWN,2026-02-18 00:00:00+00:00,2026-02-10,Self,BUY,"$1,001 - $15,000",SELF,SELF,Stock,UNKNOWN,BUY,2026-02-10,2026-02-18,SELF,SELF,SELF,1,1.0,1.0
98b3317b-2632-48c3-b636-d5555c4680ca,1,UNKNOWN,2026-02-18 00:00:00+00:00,2026-02-10,Self,BUY,"$1,001 - $15,000",SELF,SELF,Stock,UNKNOWN,BUY,2026-02-10,2026-02-18,SELF,SELF,SELF,1,1.0,1.0
98b3317b-2632-48c3-b636-d5555c4680ca,1,UNKNOWN,2026-02-18 00:00:00+00:00,2026-02-10,Self,BUY,"$1,001 - $15,000",SELF,SELF,Stock,UNKNOWN,BUY,2026-02-10,2026-02-18,SELF,SELF,SELF,1,1.0,1.0
98b3317b-2632-48c3-b636-d5555c4680ca,1,UNKNOWN,2026-02-18 00:00:00+00:00,2026-02-10,Self,BUY,"$1,001 - $15,000",SELF,SELF,Stock,UNKNOWN,BUY,2026-02-10,2026-02-18,SELF,SELF,SELF,1,1.0,1.0
98b3317b-2632-48c3-b636-d5555c4680ca,1,UNKNOWN,2026-02-18 00:00:00+00:00,2026-02-10,Self,BUY,"$1,001 - $15,000",SELF,SELF,Stock,UNKNOWN,BUY,2026-02-10,2026-02-18,SELF,SELF,SELF,1,1.0,1.0
98b3317b-2632-48c3-b636-d5555c4680ca,1,UNKNOWN,2026-02-18 00:00:00+00:00,2026-02-10,Self,BUY,"$1,001 - $15,000",SELF,SELF,Stock,UNKNOWN,BUY,2026-02-10,2026-02-18,SELF,SELF,SELF,1,1.0,1.0
98b3317b-2632-48c3-b636-d5555c4680ca,1,UNKNOWN,2026-02-18 00:00:00+00:00,2026-02-10,Self,BUY,"$1,001 - $15,000",SELF,SELF,Stock,UNKNOWN,BUY,2026-02-10,2026-02-18,SELF,SELF,SELF,1,1.0,1.0
98b3317b-2632-48c3-b636-d5555c4680ca,1,UNKNOWN,2026-02-18 00:00:00+00:00,2026-02-10,Self,BUY,"$1,001 - $15,000",SELF,SELF,Stock,UNKNOWN,BUY,2026-02-10,2026-02-18,SELF,SELF,SELF,1,1.0,1.0
d8dd8a6c-08c7-4432-8e62-5cd0ee9c4a8e,1,UNKNOWN,2026-02-18 00:00:00+00:00,2026-02-10,Self,SELL,"$1,001 - $15,000",FULL,FULL,Stock,UNKNOWN,SELL,2026-02-10,2026-02-18,FULL,FULL,FULL,-1,1.0,-1.0
d8dd8a6c-08c7-4432-8e62-5cd0ee9c4a8e,1,UNKNOWN,2026-02-18 00:00:00+00:00,2026-02-10,Self,SELL,"$1,001 - $15,000",SELF,SELF,Stock,UNKNOWN,SELL,2026-02-10,2026-02-18,SELF,SELF,SELF,-1,1.0,-1.0
d8dd8a6c-08c7-4432-8e62-5cd0ee9c4a8e,1,UNKNOWN,2026-02-18 00:00:00+00:00,2026-02-10,Self,SELL,"$1,001 - $15,000",SELF,SELF,Stock,UNKNOWN,SELL,2026-02-10,2026-02-18,SELF,SELF,SELF,-1,1.0,-1.0
d8dd8a6c-08c7-4432-8e62-5cd0ee9c4a8e,1,UNKNOWN,2026-02-18 00:00:00+00:00,2026-02-10,Self,SELL,"$1,001 - $15,000",FULL,FULL,Stock,UNKNOWN,SELL,2026-02-10,2026-02-18,FULL,FULL,FULL,-1,1.0,-1.0
d8dd8a6c-08c7-4432-8e62-5cd0ee9c4a8e,1,UNKNOWN,2026-02-18 00:00:00+00:00,2026-02-10,Self,SELL,"$1,001 - $15,000",NVDA,NVDA,Stock,UNKNOWN,SELL,2026-02-10,2026-02-18,NVDA,NVDA,NVDA,-1,1.0,-1.0
d8dd8a6c-08c7-4432-8e62-5cd0ee9c4a8e,1,UNKNOWN,2026-02-18 00:00:00+00:00,2026-02-10,Self,SELL,"$1,001 - $15,000",FULL,FULL,Stock,UNKNOWN,SELL,2026-02-10,2026-02-18,FULL,FULL,FULL,-1,1.0,-1.0
a8f2bab8-0feb-49cf-b80f-9826cb4a7a4c,1,UNKNOWN,2026-02-18 00:00:00+00:00,2026-02-10,Self,SELL,"$1,001 - $15,000",BRK,BRK,Stock,UNKNOWN,SELL,2026-02-10,2026-02-18,BRK,BRK,BRK,-1,1.0,-1.0
a8f2bab8-0feb-49cf-b80f-9826cb4a7a4c,1,UNKNOWN,2026-02-18 00:00:00+00:00,2026-02-10,Self,SELL,"$1,001 - $15,000",FULL,FULL,Stock,UNKNOWN,SELL,2026-02-10,2026-02-18,FULL,FULL,FULL,-1,1.0,-1.0
37900303-65bf-467d-962b-76555d510b28,1,UNKNOWN,2026-02-18 00:00:00+00:00,2026-02-10,Self,SELL,"$1,001 - $15,000",FULL,FULL,Stock,UNKNOWN,SELL,2026-02-10,2026-02-18,FULL,FULL,FULL,-1,1.0,-1.0
28e79480-3dcb-4793-86ed-48e7fd214587,1,UNKNOWN,2026-02-18 00:00:00+00:00,2026-02-10,Self,BUY,"$1,001 - $15,000",XOM,XOM,Stock,UNKNOWN,BUY,2026-02-10,2026-02-18,XOM,XOM,XOM,1,1.0,1.0
28e79480-3dcb-4793-86ed-48e7fd214587,1,UNKNOWN,2026-02-18 00:00:00+00:00,2026-02-10,Self,BUY,"$1,001 - $15,000",JPM,JPM,Stock,UNKNOWN,BUY,2026-02-10,2026-02-18,JPM,JPM,JPM,1,1.0,1.0
28e79480-3dcb-4793-86ed-48e7fd214587,1,UNKNOWN,2026-02-18 00:00:00+00:00,2026-02-10,Self,BUY,"$1,001 - $15,000",GOOG,GOOG,Stock,UNKNOWN,BUY,2026-02-10,2026-02-18,GOOG,GOOG,GOOG,1,1.0,1.0
28e79480-3dcb-4793-86ed-48e7fd214587,1,UNKNOWN,2026-02-18 00:00:00+00:00,2026-02-10,Self,BUY,"$1,001 - $15,000",EOG,EOG,Stock,UNKNOWN,BUY,2026-02-10,2026-02-18,EOG,EOG,EOG,1,1.0,1.0
28e79480-3dcb-4793-86ed-48e7fd214587,1,UNKNOWN,2026-02-18 00:00:00+00:00,2026-02-10,Self,BUY,"$1,001 - $15,000",AAPL,AAPL,Stock,UNKNOWN,BUY,2026-02-10,2026-02-18,AAPL,AAPL,AAPL,1,1.0,1.0
28e79480-3dcb-4793-86ed-48e7fd214587,1,UNKNOWN,2026-02-18 00:00:00+00:00,2026-02-10,Self,BUY,"$1,001 - $15,000",AMZN,AMZN,Stock,UNKNOWN,BUY,2026-02-10,2026-02-18,AMZN,AMZN,AMZN,1,1.0,1.0
28e79480-3dcb-4793-86ed-48e7fd214587,1,UNKNOWN,2026-02-18 00:00:00+00:00,2026-02-10,Self,BUY,"$1,001 - $15,000",WMT,WMT,Stock,UNKNOWN,BUY,2026-02-10,2026-02-18,WMT,WMT,WMT,1,1.0,1.0
28e79480-3dcb-4793-86ed-48e7fd214587,1,UNKNOWN,2026-02-18 00:00:00+00:00,2026-02-10,Self,BUY,"$1,001 - $15,000",INC,INC,Stock,UNKNOWN,BUY,2026-02-10,2026-02-18,INC,INC,INC,1,1.0,1.0
28e79480-3dcb-4793-86ed-48e7fd214587,1,UNKNOWN,2026-02-18 00:00:00+00:00,2026-02-10,Self,BUY,"$1,001 - $15,000",MSFT,MSFT,Stock,UNKNOWN,BUY,2026-02-10,2026-02-18,MSFT,MSFT,MSFT,1,1.0,1.0
28e79480-3dcb-4793-86ed-48e7fd214587,1,UNKNOWN,2026-02-18 00:00:00+00:00,2026-02-10,Self,BUY,"$1,001 - $15,000",UNH,UNH,Stock,UNKNOWN,BUY,2026-02-10,2026-02-18,UNH,UNH,UNH,1,1.0,1.0
28e79480-3dcb-4793-86ed-48e7fd214587,1,UNKNOWN,2026-02-18 00:00:00+00:00,2026-02-10,Self,BUY,"$1,001 - $15,000",NVDA,NVDA,Stock,UNKNOWN,BUY,2026-02-10,2026-02-18,NVDA,NVDA,NVDA,1,1.0,1.0
28e79480-3dcb-4793-86ed-48e7fd214587,1,UNKNOWN,2026-02-18 00:00:00+00:00,2026-02-10,Self,BUY,"$1,001 - $15,000",AMZN,AMZN,Stock,UNKNOWN,BUY,2026-02-10,2026-02-18,AMZN,AMZN,AMZN,1,1.0,1.0
28e79480-3dcb-4793-86ed-48e7fd214587,1,UNKNOWN,2026-02-18 00:00:00+00:00,2026-02-10,Self,BUY,"$1,001 - $15,000",AAPL,AAPL,Stock,UNKNOWN,BUY,2026-02-10,2026-02-18,AAPL,AAPL,AAPL,1,1.0,1.0
28e79480-3dcb-4793-86ed-48e7fd214587,1,UNKNOWN,2026-02-18 00:00:00+00:00,2026-02-10,Self,SELL,"$1,001 - $15,000",FULL,FULL,Stock,UNKNOWN,SELL,2026-02-10,2026-02-18,FULL,FULL,FULL,-1,1.0,-1.0
28e79480-3dcb-4793-86ed-48e7fd214587,1,UNKNOWN,2026-02-18 00:00:00+00:00,2026-02-10,Self,BUY,"$1,001 - $15,000",NVDA,NVDA,Stock,UNKNOWN,BUY,2026-02-10,2026-02-18,NVDA,NVDA,NVDA,1,1.0,1.0
28e79480-3dcb-4793-86ed-48e7fd214587,1,UNKNOWN,2026-02-18 00:00:00+00:00,2026-02-10,Self,SELL,"$1,001 - $15,000",FULL,FULL,Stock,UNKNOWN,SELL,2026-02-10,2026-02-18,FULL,FULL,FULL,-1,1.0,-1.0
28e79480-3dcb-4793-86ed-48e7fd214587,1,UNKNOWN,2026-02-18 00:00:00+00:00,2026-02-10,Self,SELL,"$1,001 - $15,000",NVDA,NVDA,Stock,UNKNOWN,SELL,2026-02-10,2026-02-18,NVDA,NVDA,NVDA,-1,1.0,-1.0
28e79480-3dcb-4793-86ed-48e7fd214587,1,UNKNOWN,2026-02-18 00:00:00+00:00,2026-02-10,Self,SELL,"$1,001 - $15,000",AAPL,AAPL,Stock,UNKNOWN,SELL,2026-02-10,2026-02-18,AAPL,AAPL,AAPL,-1,1.0,-1.0
28e79480-3dcb-4793-86ed-48e7fd214587,1,UNKNOWN,2026-02-18 00:00:00+00:00,2026-02-10,Self,SELL,"$1,001 - $15,000",GOOG,GOOG,Stock,UNKNOWN,SELL,2026-02-10,2026-02-18,GOOG,GOOG,GOOG,-1,1.0,-1.0
28e79480-3dcb-4793-86ed-48e7fd214587,1,UNKNOWN,2026-02-18 00:00:00+00:00,2026-02-10,Self,BUY,"$1,001 - $15,000",UPS,UPS,Stock,UNKNOWN,BUY,2026-02-10,2026-02-18,UPS,UPS,UPS,1,1.0,1.0
28e79480-3dcb-4793-86ed-48e7fd214587,1,UNKNOWN,2026-02-18 00:00:00+00:00,2026-02-10,Self,SELL,"$1,001 - $15,000",AMZN,AMZN,Stock,UNKNOWN,SELL,2026-02-10,2026-02-18,AMZN,AMZN,AMZN,-1,1.0,-1.0
28e79480-3dcb-4793-86ed-48e7fd214587,1,UNKNOWN,2026-02-18 00:00:00+00:00,2026-02-10,Self,BUY,"$1,001 - $15,000",INC,INC,Stock,UNKNOWN,BUY,2026-02-10,2026-02-18,INC,INC,INC,1,1.0,1.0
d7cae837-f73c-4eb1-b9fb-e510f53d65de,1,UNKNOWN,2026-02-18 00:00:00+00:00,2026-02-10,Self,BUY,"$1,001 - $15,000",HON,HON,Stock,UNKNOWN,BUY,2026-02-10,2026-02-18,HON,HON,HON,1,1.0,1.0
d7cae837-f73c-4eb1-b9fb-e510f53d65de,1,UNKNOWN,2026-02-18 00:00:00+00:00,2026-02-10,Self,BUY,"$1,001 - $15,000",LLY,LLY,Stock,UNKNOWN,BUY,2026-02-10,2026-02-18,LLY,LLY,LLY,1,1.0,1.0
d7cae837-f73c-4eb1-b9fb-e510f53d65de,1,UNKNOWN,2026-02-18 00:00:00+00:00,2026-02-10,Self,SELL,"$1,001 - $15,000",FULL,FULL,Stock,UNKNOWN,SELL,2026-02-10,2026-02-18,FULL,FULL,FULL,-1,1.0,-1.0
5dfd6dd1-5c2f-4398-984b-79c88380fc84,1,UNKNOWN,2026-02-18 00:00:00+00:00,2026-02-10,Self,BUY,"$1,001 - $15,000",SELF,SELF,Stock,UNKNOWN,BUY,2026-02-10,2026-02-18,SELF,SELF,SELF,1,1.0,1.0
5dfd6dd1-5c2f-4398-984b-79c88380fc84,1,UNKNOWN,2026-02-18 00:00:00+00:00,2026-02-10,Self,BUY,"$1,001 - $15,000",SELF,SELF,Stock,UNKNOWN,BUY,2026-02-10,2026-02-18,SELF,SELF,SELF,1,1.0,1.0
b195126e-7bb2-4d54-baf5-e6fc8e7a0165,1,UNKNOWN,2026-02-18 00:00:00+00:00,2026-02-10,Self,BUY,"$1,001 - $15,000",CAT,CAT,Stock,UNKNOWN,BUY,2026-02-10,2026-02-18,CAT,CAT,CAT,1,1.0,1.0
b195126e-7bb2-4d54-baf5-e6fc8e7a0165,1,UNKNOWN,2026-02-18 00:00:00+00:00,2026-02-10,Self,BUY,"$1,001 - $15,000",LLY,LLY,Stock,UNKNOWN,BUY,2026-02-10,2026-02-18,LLY,LLY,LLY,1,1.0,1.0
b195126e-7bb2-4d54-baf5-e6fc8e7a0165,1,UNKNOWN,2026-02-18 00:00:00+00:00,2026-02-10,Self,BUY,"$1,001 - $15,000",JPM,JPM,Stock,UNKNOWN,BUY,2026-02-10,2026-02-18,JPM,JPM,JPM,1,1.0,1.0
b195126e-7bb2-4d54-baf5-e6fc8e7a0165,1,UNKNOWN,2026-02-18 00:00:00+00:00,2026-02-10,Self,BUY,"$1,001 - $15,000",COF,COF,Stock,UNKNOWN,BUY,2026-02-10,2026-02-18,COF,COF,COF,1,1.0,1.0
b195126e-7bb2-4d54-baf5-e6fc8e7a0165,1,UNKNOWN,2026-02-18 00:00:00+00:00,2026-02-10,Self,BUY,"$1,001 - $15,000",RTX,RTX,Stock,UNKNOWN,BUY,2026-02-10,2026-02-18,RTX,RTX,RTX,1,1.0,1.0
b195126e-7bb2-4d54-baf5-e6fc8e7a0165,1,UNKNOWN,2026-02-18 00:00:00+00:00,2026-02-10,Self,BUY,"$1,001 - $15,000",GOOGL,GOOGL,Stock,UNKNOWN,BUY,2026-02-10,2026-02-18,GOOGL,GOOGL,GOOGL,1,1.0,1.0
b195126e-7bb2-4d54-baf5-e6fc8e7a0165,1,UNKNOWN,2026-02-18 00:00:00+00:00,2026-02-10,Self,BUY,"$1,001 - $15,000",ICE,ICE,Stock,UNKNOWN,BUY,2026-02-10,2026-02-18,ICE,ICE,ICE,1,1.0,1.0
b195126e-7bb2-4d54-baf5-e6fc8e7a0165,1,UNKNOWN,2026-02-18 00:00:00+00:00,2026-02-10,Self,BUY,"$1,001 - $15,000",DE,DE,Stock,UNKNOWN,BUY,2026-02-10,2026-02-18,DE,DE,DE,1,1.0,1.0
b195126e-7bb2-4d54-baf5-e6fc8e7a0165,1,UNKNOWN,2026-02-18 00:00:00+00:00,2026-02-10,Self,BUY,"$1,001 - $15,000",BSX,BSX,Stock,UNKNOWN,BUY,2026-02-10,2026-02-18,BSX,BSX,BSX,1,1.0,1.0
b195126e-7bb2-4d54-baf5-e6fc8e7a0165,1,UNKNOWN,2026-02-18 00:00:00+00:00,2026-02-10,Self,BUY,"$1,001 - $15,000",MSFT,MSFT,Stock,UNKNOWN,BUY,2026-02-10,2026-02-18,MSFT,MSFT,MSFT,1,1.0,1.0
b195126e-7bb2-4d54-baf5-e6fc8e7a0165,1,UNKNOWN,2026-02-18 00:00:00+00:00,2026-02-10,Self,BUY,"$1,001 - $15,000",THE,THE,Stock,UNKNOWN,BUY,2026-02-10,2026-02-18,THE,THE,THE,1,1.0,1.0
b195126e-7bb2-4d54-baf5-e6fc8e7a0165,1,UNKNOWN,2026-02-18 00:00:00+00:00,2026-02-10,Self,BUY,"$1,001 - $15,000",LRCX,LRCX,Stock,UNKNOWN,BUY,2026-02-10,2026-02-18,LRCX,LRCX,LRCX,1,1.0,1.0
b195126e-7bb2-4d54-baf5-e6fc8e7a0165,1,UNKNOWN,2026-02-18 00:00:00+00:00,2026-02-10,Self,BUY,"$1,001 - $15,000",THE,THE,Stock,UNKNOWN,BUY,2026-02-10,2026-02-18,THE,THE,THE,1,1.0,1.0
b195126e-7bb2-4d54-baf5-e6fc8e7a0165,1,UNKNOWN,2026-02-18 00:00:00+00:00,2026-02-10,Self,BUY,"$1,001 - $15,000",AMZN,AMZN,Stock,UNKNOWN,BUY,2026-02-10,2026-02-18,AMZN,AMZN,AMZN,1,1.0,1.0
b195126e-7bb2-4d54-baf5-e6fc8e7a0165,1,UNKNOWN,2026-02-18 00:00:00+00:00,2026-02-10,Self,BUY,"$1,001 - $15,000",NVDA,NVDA,Stock,UNKNOWN,BUY,2026-02-10,2026-02-18,NVDA,NVDA,NVDA,1,1.0,1.0
b195126e-7bb2-4d54-baf5-e6fc8e7a0165,1,UNKNOWN,2026-02-18 00:00:00+00:00,2026-02-10,Self,BUY,"$1,001 - $15,000",CRM,CRM,Stock,UNKNOWN,BUY,2026-02-10,2026-02-18,CRM,CRM,CRM,1,1.0,1.0
b195126e-7bb2-4d54-baf5-e6fc8e7a0165,1,UNKNOWN,2026-02-18 00:00:00+00:00,2026-02-10,Self,BUY,"$1,001 - $15,000",IQV,IQV,Stock,UNKNOWN,BUY,2026-02-10,2026-02-18,IQV,IQV,IQV,1,1.0,1.0
b195126e-7bb2-4d54-baf5-e6fc8e7a0165,1,UNKNOWN,2026-02-18 00:00:00+00:00,2026-02-10,Self,BUY,"$1,001 - $15,000",ELV,ELV,Stock,UNKNOWN,BUY,2026-02-10,2026-02-18,ELV,ELV,ELV,1,1.0,1.0
b195126e-7bb2-4d54-baf5-e6fc8e7a0165,1,UNKNOWN,2026-02-18 00:00:00+00:00,2026-02-10,Self,BUY,"$1,001 - $15,000",AXP,AXP,Stock,UNKNOWN,BUY,2026-02-10,2026-02-18,AXP,AXP,AXP,1,1.0,1.0
b195126e-7bb2-4d54-baf5-e6fc8e7a0165,1,UNKNOWN,2026-02-18 00:00:00+00:00,2026-02-10,Self,BUY,"$1,001 - $15,000",CVX,CVX,Stock,UNKNOWN,BUY,2026-02-10,2026-02-18,CVX,CVX,CVX,1,1.0,1.0
b195126e-7bb2-4d54-baf5-e6fc8e7a0165,1,UNKNOWN,2026-02-18 00:00:00+00:00,2026-02-10,Self,BUY,"$1,001 - $15,000",AAPL,AAPL,Stock,UNKNOWN,BUY,2026-02-10,2026-02-18,AAPL,AAPL,AAPL,1,1.0,1.0
b195126e-7bb2-4d54-baf5-e6fc8e7a0165,1,UNKNOWN,2026-02-18 00:00:00+00:00,2026-02-10,Self,BUY,"$1,001 - $15,000",META,META,Stock,UNKNOWN,BUY,2026-02-10,2026-02-18,META,META,META,1,1.0,1.0
b195126e-7bb2-4d54-baf5-e6fc8e7a0165,1,UNKNOWN,2026-02-18 00:00:00+00:00,2026-02-10,Self,BUY,"$1,001 - $15,000",MA,MA,Stock,UNKNOWN,BUY,2026-02-10,2026-02-18,MA,MA,MA,1,1.0,1.0
b195126e-7bb2-4d54-baf5-e6fc8e7a0165,1,UNKNOWN,2026-02-18 00:00:00+00:00,2026-02-10,Self,BUY,"$1,001 - $15,000",HLT,HLT,Stock,UNKNOWN,BUY,2026-02-10,2026-02-18,HLT,HLT,HLT,1,1.0,1.0
b195126e-7bb2-4d54-baf5-e6fc8e7a0165,1,UNKNOWN,2026-02-18 00:00:00+00:00,2026-02-10,Self,BUY,"$1,001 - $15,000",AMAT,AMAT,Stock,UNKNOWN,BUY,2026-02-10,2026-02-18,AMAT,AMAT,AMAT,1,1.0,1.0
b195126e-7bb2-4d54-baf5-e6fc8e7a0165,1,UNKNOWN,2026-02-18 00:00:00+00:00,2026-02-10,Self,BUY,"$1,001 - $15,000",COST,COST,Stock,UNKNOWN,BUY,2026-02-10,2026-02-18,COST,COST,COST,1,1.0,1.0
b195126e-7bb2-4d54-baf5-e6fc8e7a0165,1,UNKNOWN,2026-02-18 00:00:00+00:00,2026-02-10,Self,BUY,"$1,001 - $15,000",ISRG,ISRG,Stock,UNKNOWN,BUY,2026-02-10,2026-02-18,ISRG,ISRG,ISRG,1,1.0,1.0
b195126e-7bb2-4d54-baf5-e6fc8e7a0165,1,UNKNOWN,2026-02-18 00:00:00+00:00,2026-02-10,Self,BUY,"$1,001 - $15,000",THE,THE,Stock,UNKNOWN,BUY,2026-02-10,2026-02-18,THE,THE,THE,1,1.0,1.0
b195126e-7bb2-4d54-baf5-e6fc8e7a0165,1,UNKNOWN,2026-02-18 00:00:00+00:00,2026-02-10,Self,BUY,"$1,001 - $15,000",INTU,INTU,Stock,UNKNOWN,BUY,2026-02-10,2026-02-18,INTU,INTU,INTU,1,1.0,1.0
b195126e-7bb2-4d54-baf5-e6fc8e7a0165,1,UNKNOWN,2026-02-18 00:00:00+00:00,2026-02-10,Self,BUY,"$1,001 - $15,000",NOW,NOW,Stock,UNKNOWN,BUY,2026-02-10,2026-02-18,NOW,NOW,NOW,1,1.0,1.0
b195126e-7bb2-4d54-baf5-e6fc8e7a0165,1,UNKNOWN,2026-02-18 00:00:00+00:00,2026-02-10,Self,BUY,"$1,001 - $15,000",COP,COP,Stock,UNKNOWN,BUY,2026-02-10,2026-02-18,COP,COP,COP,1,1.0,1.0
5a8fc13a-c5aa-44b1-a72e-a68badbdd5f4,1,UNKNOWN,2026-02-18 00:00:00+00:00,2026-02-10,Self,SELL,"$1,001 - $15,000",FULL,FULL,Stock,UNKNOWN,SELL,2026-02-10,2026-02-18,FULL,FULL,FULL,-1,1.0,-1.0
5a8fc13a-c5aa-44b1-a72e-a68badbdd5f4,1,UNKNOWN,2026-02-18 00:00:00+00:00,2026-02-10,Self,SELL,"$1,001 - $15,000",FULL,FULL,Stock,UNKNOWN,SELL,2026-02-10,2026-02-18,FULL,FULL,FULL,-1,1.0,-1.0
b2bdf363-af39-43c8-ae93-13ed14aa3752,1,UNKNOWN,2026-02-18 00:00:00+00:00,2026-02-10,Self,BUY,"$1,001 - $15,000",SELF,SELF,Stock,UNKNOWN,BUY,2026-02-10,2026-02-18,SELF,SELF,SELF,1,1.0,1.0
b2bdf363-af39-43c8-ae93-13ed14aa3752,1,UNKNOWN,2026-02-18 00:00:00+00:00,2026-02-10,Self,BUY,"$1,001 - $15,000",SELF,SELF,Stock,UNKNOWN,BUY,2026-02-10,2026-02-18,SELF,SELF,SELF,1,1.0,1.0
b2bdf363-af39-43c8-ae93-13ed14aa3752,1,UNKNOWN,2026-02-18 00:00:00+00:00,2026-02-10,Self,BUY,"$1,001 - $15,000",SELF,SELF,Stock,UNKNOWN,BUY,2026-02-10,2026-02-18,SELF,SELF,SELF,1,1.0,1.0
b2bdf363-af39-43c8-ae93-13ed14aa3752,1,UNKNOWN,2026-02-18 00:00:00+00:00,2026-02-10,Self,SELL,"$1,001 - $15,000",FULL,FULL,Stock,UNKNOWN,SELL,2026-02-10,2026-02-18,FULL,FULL,FULL,-1,1.0,-1.0
b2bdf363-af39-43c8-ae93-13ed14aa3752,1,UNKNOWN,2026-02-18 00:00:00+00:00,2026-02-10,Self,SELL,"$1,001 - $15,000",FULL,FULL,Stock,UNKNOWN,SELL,2026-02-10,2026-02-18,FULL,FULL,FULL,-1,1.0,-1.0
7ab0d2fd-19ea-459d-a1d9-3701e2cc8e93,1,UNKNOWN,2026-02-18 00:00:00+00:00,2026-02-10,Self,SELL,"$1,001 - $15,000",FULL,FULL,Stock,UNKNOWN,SELL,2026-02-10,2026-02-18,FULL,FULL,FULL,-1,1.0,-1.0
7ab0d2fd-19ea-459d-a1d9-3701e2cc8e93,1,UNKNOWN,2026-02-18 00:00:00+00:00,2026-02-10,Self,SELL,"$1,001 - $15,000",FULL,FULL,Stock,UNKNOWN,SELL,2026-02-10,2026-02-18,FULL,FULL,FULL,-1,1.0,-1.0
7ab0d2fd-19ea-459d-a1d9-3701e2cc8e93,1,UNKNOWN,2026-02-18 00:00:00+00:00,2026-02-10,Self,SELL,"$1,001 - $15,000",FULL,FULL,Stock,UNKNOWN,SELL,2026-02-10,2026-02-18,FULL,FULL,FULL,-1,1.0,-1.0
7ab0d2fd-19ea-459d-a1d9-3701e2cc8e93,1,UNKNOWN,2026-02-18 00:00:00+00:00,2026-02-10,Self,SELL,"$1,001 - $15,000",FULL,FULL,Stock,UNKNOWN,SELL,2026-02-10,2026-02-18,FULL,FULL,FULL,-1,1.0,-1.0
7ab0d2fd-19ea-459d-a1d9-3701e2cc8e93,1,UNKNOWN,2026-02-18 00:00:00+00:00,2026-02-10,Self,SELL,"$1,001 - $15,000",THE,THE,Stock,UNKNOWN,SELL,2026-02-10,2026-02-18,THE,THE,THE,-1,1.0,-1.0
7ab0d2fd-19ea-459d-a1d9-3701e2cc8e93,1,UNKNOWN,2026-02-18 00:00:00+00:00,2026-02-10,Self,SELL,"$1,001 - $15,000",FULL,FULL,Stock,UNKNOWN,SELL,2026-02-10,2026-02-18,FULL,FULL,FULL,-1,1.0,-1.0
7ab0d2fd-19ea-459d-a1d9-3701e2cc8e93,1,UNKNOWN,2026-02-18 00:00:00+00:00,2026-02-10,Self,SELL,"$1,001 - $15,000",FULL,FULL,Stock,UNKNOWN,SELL,2026-02-10,2026-02-18,FULL,FULL,FULL,-1,1.0,-1.0
7ab0d2fd-19ea-459d-a1d9-3701e2cc8e93,1,UNKNOWN,2026-02-18 00:00:00+00:00,2026-02-10,Self,SELL,"$1,001 - $15,000",FULL,FULL,Stock,UNKNOWN,SELL,2026-02-10,2026-02-18,FULL,FULL,FULL,-1,1.0,-1.0
7ab0d2fd-19ea-459d-a1d9-3701e2cc8e93,1,UNKNOWN,2026-02-18 00:00:00+00:00,2026-02-10,Self,SELL,"$1,001 - $15,000",FULL,FULL,Stock,UNKNOWN,SELL,2026-02-10,2026-02-18,FULL,FULL,FULL,-1,1.0,-1.0
7ab0d2fd-19ea-459d-a1d9-3701e2cc8e93,1,UNKNOWN,2026-02-18 00:00:00+00:00,2026-02-10,Self,SELL,"$1,001 - $15,000",FULL,FULL,Stock,UNKNOWN,SELL,2026-02-10,2026-02-18,FULL,FULL,FULL,-1,1.0,-1.0
7ab0d2fd-19ea-459d-a1d9-3701e2cc8e93,1,UNKNOWN,2026-02-18 00:00:00+00:00,2026-02-10,Self,SELL,"$1,001 - $15,000",FULL,FULL,Stock,UNKNOWN,SELL,2026-02-10,2026-02-18,FULL,FULL,FULL,-1,1.0,-1.0
7ab0d2fd-19ea-459d-a1d9-3701e2cc8e93,1,UNKNOWN,2026-02-18 00:00:00+00:00,2026-02-10,Self,SELL,"$1,001 - $15,000",FULL,FULL,Stock,UNKNOWN,SELL,2026-02-10,2026-02-18,FULL,FULL,FULL,-1,1.0,-1.0
7ab0d2fd-19ea-459d-a1d9-3701e2cc8e93,1,UNKNOWN,2026-02-18 00:00:00+00:00,2026-02-10,Self,SELL,"$1,001 - $15,000",FULL,FULL,Stock,UNKNOWN,SELL,2026-02-10,2026-02-18,FULL,FULL,FULL,-1,1.0,-1.0
7ab0d2fd-19ea-459d-a1d9-3701e2cc8e93,1,UNKNOWN,2026-02-18 00:00:00+00:00,2026-02-10,Self,SELL,"$1,001 - $15,000",FULL,FULL,Stock,UNKNOWN,SELL,2026-02-10,2026-02-18,FULL,FULL,FULL,-1,1.0,-1.0
7ab0d2fd-19ea-459d-a1d9-3701e2cc8e93,1,UNKNOWN,2026-02-18 00:00:00+00:00,2026-02-10,Self,SELL,"$1,001 - $15,000",THE,THE,Stock,UNKNOWN,SELL,2026-02-10,2026-02-18,THE,THE,THE,-1,1.0,-1.0
7ab0d2fd-19ea-459d-a1d9-3701e2cc8e93,1,UNKNOWN,2026-02-18 00:00:00+00:00,2026-02-10,Self,SELL,"$1,001 - $15,000",FULL,FULL,Stock,UNKNOWN,SELL,2026-02-10,2026-02-18,FULL,FULL,FULL,-1,1.0,-1.0
7ab0d2fd-19ea-459d-a1d9-3701e2cc8e93,1,UNKNOWN,2026-02-18 00:00:00+00:00,2026-02-10,Self,SELL,"$1,001 - $15,000",FULL,FULL,Stock,UNKNOWN,SELL,2026-02-10,2026-02-18,FULL,FULL,FULL,-1,1.0,-1.0
7ab0d2fd-19ea-459d-a1d9-3701e2cc8e93,1,UNKNOWN,2026-02-18 00:00:00+00:00,2026-02-10,Self,SELL,"$1,001 - $15,000",FULL,FULL,Stock,UNKNOWN,SELL,2026-02-10,2026-02-18,FULL,FULL,FULL,-1,1.0,-1.0
7ab0d2fd-19ea-459d-a1d9-3701e2cc8e93,1,UNKNOWN,2026-02-18 00:00:00+00:00,2026-02-10,Self,SELL,"$1,001 - $15,000",FULL,FULL,Stock,UNKNOWN,SELL,2026-02-10,2026-02-18,FULL,FULL,FULL,-1,1.0,-1.0
a71d2e2b-337a-4d0f-bf2f-a4c9a0c1f6dc,1,UNKNOWN,2026-02-18 00:00:00+00:00,2026-02-10,Self,SELL,"$1,001 - $15,000",LAZR,LAZR,Stock,UNKNOWN,SELL,2026-02-10,2026-02-18,LAZR,LAZR,LAZR,-1,1.0,-1.0
d3daa40b-123d-4451-9974-02bf5a96d8da,1,UNKNOWN,2026-02-18 00:00:00+00:00,2026-02-10,Self,SELL,"$1,001 - $15,000",FULL,FULL,Stock,UNKNOWN,SELL,2026-02-10,2026-02-18,FULL,FULL,FULL,-1,1.0,-1.0
d3daa40b-123d-4451-9974-02bf5a96d8da,1,UNKNOWN,2026-02-18 00:00:00+00:00,2026-02-10,Self,SELL,"$1,001 - $15,000",FULL,FULL,Stock,UNKNOWN,SELL,2026-02-10,2026-02-18,FULL,FULL,FULL,-1,1.0,-1.0
d3daa40b-123d-4451-9974-02bf5a96d8da,1,UNKNOWN,2026-02-18 00:00:00+00:00,2026-02-10,Self,SELL,"$1,001 - $15,000",MSI,MSI,Stock,UNKNOWN,SELL,2026-02-10,2026-02-18,MSI,MSI,MSI,-1,1.0,-1.0
d3daa40b-123d-4451-9974-02bf5a96d8da,1,UNKNOWN,2026-02-18 00:00:00+00:00,2026-02-10,Self,SELL,"$1,001 - $15,000",SLV,SLV,Stock,UNKNOWN,SELL,2026-02-10,2026-02-18,SLV,SLV,SLV,-1,1.0,-1.0
d3daa40b-123d-4451-9974-02bf5a96d8da,1,UNKNOWN,2026-02-18 00:00:00+00:00,2026-02-10,Self,SELL,"$1,001 - $15,000",TBLL,TBLL,Stock,UNKNOWN,SELL,2026-02-10,2026-02-18,TBLL,TBLL,TBLL,-1,1.0,-1.0
d3daa40b-123d-4451-9974-02bf5a96d8da,1,UNKNOWN,2026-02-18 00:00:00+00:00,2026-02-10,Self,SELL,"$1,001 - $15,000",BSX,BSX,Stock,UNKNOWN,SELL,2026-02-10,2026-02-18,BSX,BSX,BSX,-1,1.0,-1.0
d3daa40b-123d-4451-9974-02bf5a96d8da,1,UNKNOWN,2026-02-18 00:00:00+00:00,2026-02-10,Self,SELL,"$1,001 - $15,000",PPLT,PPLT,Stock,UNKNOWN,SELL,2026-02-10,2026-02-18,PPLT,PPLT,PPLT,-1,1.0,-1.0
d3daa40b-123d-4451-9974-02bf5a96d8da,1,UNKNOWN,2026-02-18 00:00:00+00:00,2026-02-10,Self,SELL,"$1,001 - $15,000",PALL,PALL,Stock,UNKNOWN,SELL,2026-02-10,2026-02-18,PALL,PALL,PALL,-1,1.0,-1.0
0677bd3f-167e-4cae-8f1d-05eb4340fcdc,1,UNKNOWN,2026-02-18 00:00:00+00:00,2026-02-10,Self,BUY,"$1,001 - $15,000",WFC,WFC,Stock,UNKNOWN,BUY,2026-02-10,2026-02-18,WFC,WFC,WFC,1,1.0,1.0
0677bd3f-167e-4cae-8f1d-05eb4340fcdc,1,UNKNOWN,2026-02-18 00:00:00+00:00,2026-02-10,Self,BUY,"$1,001 - $15,000",SMCI,SMCI,Stock,UNKNOWN,BUY,2026-02-10,2026-02-18,SMCI,SMCI,SMCI,1,1.0,1.0
0677bd3f-167e-4cae-8f1d-05eb4340fcdc,1,UNKNOWN,2026-02-18 00:00:00+00:00,2026-02-10,Self,BUY,"$1,001 - $15,000",SPYM,SPYM,Stock,UNKNOWN,BUY,2026-02-10,2026-02-18,SPYM,SPYM,SPYM,1,1.0,1.0
0677bd3f-167e-4cae-8f1d-05eb4340fcdc,1,UNKNOWN,2026-02-18 00:00:00+00:00,2026-02-10,Self,BUY,"$1,001 - $15,000",MSFT,MSFT,Stock,UNKNOWN,BUY,2026-02-10,2026-02-18,MSFT,MSFT,MSFT,1,1.0,1.0
0677bd3f-167e-4cae-8f1d-05eb4340fcdc,1,UNKNOWN,2026-02-18 00:00:00+00:00,2026-02-10,Self,BUY,"$1,001 - $15,000",IVW,IVW,Stock,UNKNOWN,BUY,2026-02-10,2026-02-18,IVW,IVW,IVW,1,1.0,1.0
0677bd3f-167e-4cae-8f1d-05eb4340fcdc,1,UNKNOWN,2026-02-18 00:00:00+00:00,2026-02-10,Self,BUY,"$1,001 - $15,000",IJR,IJR,Stock,UNKNOWN,BUY,2026-02-10,2026-02-18,IJR,IJR,IJR,1,1.0,1.0
0677bd3f-167e-4cae-8f1d-05eb4340fcdc,1,UNKNOWN,2026-02-18 00:00:00+00:00,2026-02-10,Self,BUY,"$1,001 - $15,000",ANET,ANET,Stock,UNKNOWN,BUY,2026-02-10,2026-02-18,ANET,ANET,ANET,1,1.0,1.0
0677bd3f-167e-4cae-8f1d-05eb4340fcdc,1,UNKNOWN,2026-02-18 00:00:00+00:00,2026-02-10,Self,BUY,"$1,001 - $15,000",AAPL,AAPL,Stock,UNKNOWN,BUY,2026-02-10,2026-02-18,AAPL,AAPL,AAPL,1,1.0,1.0
de8efd52-6618-4e4f-bd3d-d3e32cccaa0c,1,UNKNOWN,2026-02-18 00:00:00+00:00,2026-02-10,Self,BUY,"$1,001 - $15,000",SELF,SELF,Stock,UNKNOWN,BUY,2026-02-10,2026-02-18,SELF,SELF,SELF,1,1.0,1.0
de8efd52-6618-4e4f-bd3d-d3e32cccaa0c,1,UNKNOWN,2026-02-18 00:00:00+00:00,2026-02-10,Self,BUY,"$1,001 - $15,000",SELF,SELF,Stock,UNKNOWN,BUY,2026-02-10,2026-02-18,SELF,SELF,SELF,1,1.0,1.0
0dbb004e-a36f-4554-986d-d8b1a9a4769a,1,UNKNOWN,2026-02-18 00:00:00+00:00,2026-02-10,Self,SELL,"$1,001 - $15,000",FULL,FULL,Stock,UNKNOWN,SELL,2026-02-10,2026-02-18,FULL,FULL,FULL,-1,1.0,-1.0
0dbb004e-a36f-4554-986d-d8b1a9a4769a,1,UNKNOWN,2026-02-18 00:00:00+00:00,2026-02-10,Self,BUY,"$1,001 - $15,000",SELF,SELF,Stock,UNKNOWN,BUY,2026-02-10,2026-02-18,SELF,SELF,SELF,1,1.0,1.0
abe1d99a-f229-49cd-af07-301511ecf0d1,1,UNKNOWN,2026-02-18 00:00:00+00:00,2026-02-10,Self,SELL,"$1,001 - $15,000",FWONK,FWONK,Stock,UNKNOWN,SELL,2026-02-10,2026-02-18,FWONK,FWONK,FWONK,-1,1.0,-1.0
abe1d99a-f229-49cd-af07-301511ecf0d1,1,UNKNOWN,2026-02-18 00:00:00+00:00,2026-02-10,Self,SELL,"$1,001 - $15,000",FWONK,FWONK,Stock,UNKNOWN,SELL,2026-02-10,2026-02-18,FWONK,FWONK,FWONK,-1,1.0,-1.0
3e408f48-f710-420d-ba46-d2269c689a8a,1,UNKNOWN,2026-02-18 00:00:00+00:00,2026-02-10,Self,SELL,"$1,001 - $15,000",FULL,FULL,Stock,UNKNOWN,SELL,2026-02-10,2026-02-18,FULL,FULL,FULL,-1,1.0,-1.0
439c1ac8-2955-486b-9f9c-4f1c6524671a,1,UNKNOWN,2026-02-18 00:00:00+00:00,2026-02-10,Self,SELL,"$1,001 - $15,000",FULL,FULL,Stock,UNKNOWN,SELL,2026-02-10,2026-02-18,FULL,FULL,FULL,-1,1.0,-1.0
439c1ac8-2955-486b-9f9c-4f1c6524671a,1,UNKNOWN,2026-02-18 00:00:00+00:00,2026-02-10,Self,SELL,"$1,001 - $15,000",MSFT,MSFT,Stock,UNKNOWN,SELL,2026-02-10,2026-02-18,MSFT,MSFT,MSFT,-1,1.0,-1.0
439c1ac8-2955-486b-9f9c-4f1c6524671a,1,UNKNOWN,2026-02-18 00:00:00+00:00,2026-02-10,Self,SELL,"$1,001 - $15,000",AAPL,AAPL,Stock,UNKNOWN,SELL,2026-02-10,2026-02-18,AAPL,AAPL,AAPL,-1,1.0,-1.0
439c1ac8-2955-486b-9f9c-4f1c6524671a,1,UNKNOWN,2026-02-18 00:00:00+00:00,2026-02-10,Self,SELL,"$1,001 - $15,000",GOOGL,GOOGL,Stock,UNKNOWN,SELL,2026-02-10,2026-02-18,GOOGL,GOOGL,GOOGL,-1,1.0,-1.0
89777dd7-42ff-4095-bc54-7204a14232d4,1,UNKNOWN,2026-02-18 00:00:00+00:00,2026-02-10,Self,SELL,"$1,001 - $15,000",FULL,FULL,Stock,UNKNOWN,SELL,2026-02-10,2026-02-18,FULL,FULL,FULL,-1,1.0,-1.0
89777dd7-42ff-4095-bc54-7204a14232d4,1,UNKNOWN,2026-02-18 00:00:00+00:00,2026-02-10,Self,BUY,"$1,001 - $15,000",SELF,SELF,Stock,UNKNOWN,BUY,2026-02-10,2026-02-18,SELF,SELF,SELF,1,1.0,1.0
89777dd7-42ff-4095-bc54-7204a14232d4,1,UNKNOWN,2026-02-18 00:00:00+00:00,2026-02-10,Self,BUY,"$1,001 - $15,000",SELF,SELF,Stock,UNKNOWN,BUY,2026-02-10,2026-02-18,SELF,SELF,SELF,1,1.0,1.0
89777dd7-42ff-4095-bc54-7204a14232d4,1,UNKNOWN,2026-02-18 00:00:00+00:00,2026-02-10,Self,SELL,"$1,001 - $15,000",FULL,FULL,Stock,UNKNOWN,SELL,2026-02-10,2026-02-18,FULL,FULL,FULL,-1,1.0,-1.0
89777dd7-42ff-4095-bc54-7204a14232d4,1,UNKNOWN,2026-02-18 00:00:00+00:00,2026-02-10,Self,BUY,"$1,001 - $15,000",SELF,SELF,Stock,UNKNOWN,BUY,2026-02-10,2026-02-18,SELF,SELF,SELF,1,1.0,1.0
