record_type,source_file,source_path,page_number,page_width,page_height,page_text,page_tables_json,source_kind,row_number,transaction_date,owner,ticker,asset_name,asset_type,transaction_type_raw,transaction_type,sale_scope,amount_bucket_raw,amount_min_usd,amount_max_usd,source_page,official_name,filing_datetime,table_index,row_index,row_json
PDF_PAGE,"eFD_ Annual Report for 2025 - Tache, Joseph.pdf","/home/vboxuser/work/ppf/ppf/temp/ppf/data/raw/eFD_ Annual Report for 2025 - Tache, Joseph.pdf",1.0,841.91998,594.95996,"2/15/26, 4:20 AM eFD: Annual Report for 2025 - Tache, Joseph
United States Senate
Financial Disclosures
Candidate Report (Amendment 1)
Mr. Joseph Tache
State of Candidacy: MA | Candidacy Commenced: 09/24/2025
 Filed 02/12/2026 @ 7:23 PM
The following statements were checked before filing:
I certify that the statements I have made on this form are true, complete and correct to the best of my knowledge and belief.
I understand that reports cannot be edited once filed. To make corrections, I will submit an electronic amendment to this report.
I omitted assets because they meet the three-part test for exemption.
Part 1. Honoraria Payments or Payments to Charity in Lieu of Honoraria
Did any individual or organization pay you or your spouse more than $200, or donate any amount to a charity on your or your spouse’s behalf, for an article,
speech, or appearance? No
Part 2. Earned and Non-Investment Income
Did you or your spouse have reportable earned income or non-investment income? Yes
https://efdsearch.senate.gov/search/view/annual/25848f65-86b0-44c3-8324-b50b0a5df6b7/ 1/5","[[[""Part 1. Honoraria Payments or Payments to Charity in Lieu of Honoraria\nDid any individual or organization pay you or your spouse more than $200, or donate any amount to a charity on your or your spouse’s behalf, for an article,\nspeech, or appearance? No""], [""Part 2. Earned and Non-Investment Income\nDid you or your spouse have reportable earned income or non-investment income? Yes""]]]",,,,,,,,,,,,,,,,,,,
PDF_PAGE,"eFD_ Annual Report for 2025 - Tache, Joseph.pdf","/home/vboxuser/work/ppf/ppf/temp/ppf/data/raw/eFD_ Annual Report for 2025 - Tache, Joseph.pdf",2.0,841.91998,594.95996,"2/15/26, 4:20 AM eFD: Annual Report for 2025 - Tache, Joseph
Who
Was Amount
# Paid Type Who Paid Paid Comments
1 Self Salary Mass Liberation $18,390.37 n/a
Boston, MA
2 Self Salary Greater Boston Together Inc. $23,397.00 n/a
Boston, MA
3 Self Salary Liberation News, Inc. $16,365.38 n/a
San Francisco, CA
4 Self Salary Movement for Socialism Inc. $27,268.55 n/a
New York City, NY
5 Self Other Commonwealth of Massachusetts $3,928.00 n/a
(Unemployment Department of Unemployment
Insurance) Boston, MA
Part 3. Assets
Did you, your spouse, or dependent child own any asset that had a value of more than $1,000 or generated income of more than $200? Yes
Asset Income
Asset Type Owner Value Type Income
1 Roth IRA Brokerage Account IRA Self -- -- --
1.1 VANGUARD TARGET RETIREMENT 2060 Mutual Self $1,001 - Dividends, $201 - $1,000
INVESTOR CL Fund $15,000 Capital
Gains
2 Capital One Bank Self $15,001 - Interest $2,501 - $5,000
Deposit $50,000
Part 4a. Periodic Transaction Report Summary
https://efdsearch.senate.gov/search/view/annual/25848f65-86b0-44c3-8324-b50b0a5df6b7/ 2/5","[[[""Who\nWas Amount\n# Paid Type Who Paid Paid Comments\n1 Self Salary Mass Liberation $18,390.37 n/a\nBoston, MA\n2 Self Salary Greater Boston Together Inc. $23,397.00 n/a\nBoston, MA\n3 Self Salary Liberation News, Inc. $16,365.38 n/a\nSan Francisco, CA\n4 Self Salary Movement for Socialism Inc. $27,268.55 n/a\nNew York City, NY\n5 Self Other Commonwealth of Massachusetts $3,928.00 n/a\n(Unemployment Department of Unemployment\nInsurance) Boston, MA""], [""Part 3. Assets\nDid you, your spouse, or dependent child own any asset that had a value of more than $1,000 or generated income of more than $200? Yes\nAsset Income\nAsset Type Owner Value Type Income\n1 Roth IRA Brokerage Account IRA Self -- -- --\n1.1 VANGUARD TARGET RETIREMENT 2060 Mutual Self $1,001 - Dividends, $201 - $1,000\nINVESTOR CL Fund $15,000 Capital\nGains\n2 Capital One Bank Self $15,001 - Interest $2,501 - $5,000\nDeposit $50,000""], [""Part 4a. Periodic Transaction Report Summary""], [""""]], [["""", ""#"", ""Who\nWas\nPaid"", ""Type"", ""Who Paid"", ""Amount\nPaid"", ""Comments""], ["""", ""1"", ""Self"", ""Salary"", ""Mass Liberation\nBoston, MA"", ""$18,390.37"", ""n/a""], ["""", ""2"", ""Self"", ""Salary"", ""Greater Boston Together Inc.\nBoston, MA"", ""$23,397.00"", ""n/a""], ["""", ""3"", ""Self"", ""Salary"", ""Liberation News, Inc.\nSan Francisco, CA"", ""$16,365.38"", ""n/a""], ["""", ""4"", ""Self"", ""Salary"", ""Movement for Socialism Inc.\nNew York City, NY"", ""$27,268.55"", ""n/a""], ["""", ""5"", ""Self"", ""Other\n(Unemployment\nInsurance)"", ""Commonwealth of Massachusetts\nDepartment of Unemployment\nBoston, MA"", ""$3,928.00"", ""n/a""]], [["""", ""Asset"", ""Asset\nType"", ""Owner"", ""Value"", ""Income\nType"", ""Income""], [""1"", ""Roth IRA Brokerage Account"", ""IRA"", ""Self"", ""--"", ""--"", ""--""], [""1.1"", ""VANGUARD TARGET RETIREMENT 2060\nINVESTOR CL"", ""Mutual\nFund"", ""Self"", ""$1,001 -\n$15,000"", ""Dividends,\nCapital\nGains"", ""$201 - $1,000""], [""2"", ""Capital One"", ""Bank\nDeposit"", ""Self"", ""$15,001 -\n$50,000"", ""Interest"", ""$2,501 - $5,000""]]]",,,,,,,,,,,,,,,,,,,
PDF_PAGE,"eFD_ Annual Report for 2025 - Tache, Joseph.pdf","/home/vboxuser/work/ppf/ppf/temp/ppf/data/raw/eFD_ Annual Report for 2025 - Tache, Joseph.pdf",3.0,841.91998,594.95996,"2/15/26, 4:20 AM eFD: Annual Report for 2025 - Tache, Joseph
Part 4b. Transactions
Not required
Part 5. Gifts
Not required
Part 6. Travel
Not required
Part 7. Liabilities
Did you, your spouse, or dependent child have a reportable, non-revolving charge account liability worth more than $10,000 at any time or a revolving
charge account whose value exceeded $10,000 as of the last day of the reporting period? No
Part 8. Positions
Did you hold any reportable outside positions during the reporting period? Yes
https://efdsearch.senate.gov/search/view/annual/25848f65-86b0-44c3-8324-b50b0a5df6b7/ 3/5","[[[""Part 4b. Transactions\nNot required""], [""Part 5. Gifts\nNot required""], [""Part 6. Travel\nNot required""], [""Part 7. Liabilities\nDid you, your spouse, or dependent child have a reportable, non-revolving charge account liability worth more than $10,000 at any time or a revolving\ncharge account whose value exceeded $10,000 as of the last day of the reporting period? No""], [""Part 8. Positions\nDid you hold any reportable outside positions during the reporting period? Yes""]]]",,,,,,,,,,,,,,,,,,,
PDF_PAGE,"eFD_ Annual Report for 2025 - Tache, Joseph.pdf","/home/vboxuser/work/ppf/ppf/temp/ppf/data/raw/eFD_ Annual Report for 2025 - Tache, Joseph.pdf",4.0,841.91998,594.95996,"2/15/26, 4:20 AM eFD: Annual Report for 2025 - Tache, Joseph
Position
# Position Dates Held Entity Entity Type Comments
1 Sep 2022 to May 2024 Employee Mass Liberation Nonprofit Organization n/a
Boston, MA
2 May 2024 to Nov 2024 Employee Greater Boston Together Nonprofit Organization n/a
Boston, MA
3 Mar 2025 to Jun 2025 Employee Liberation News Corporation n/a
San Francisco, CA
4 Jan 2026 to present Employee Liberation News Corporation n/a
San Francisco, CA
5 Jun 2025 to Dec 2025 Employee Movement for Socialism Inc. Nonprofit Organization n/a
Astoria, NY
Part 9. Agreements
Did you have any reportable agreement or arrangement with an outside entity? No
Part 10. Compensation
Only required if you are a candidate or this is your first report: Did any person or entity pay more than $5,000 to you or for services provided by you? Yes
# Source Duties Comments
1 Mass Liberation Community outreach, civic engagement, popular education n/a
Boston, MA
2 Greater Boston Together Community outreach, community organizing and activism, popular n/a
Boston, MA education
3 Liberation News Leadership development and training, popular education, volunteer n/a
San Francisco, CA engagement
4 Movement for Socialism Popular education, volunteer recruitment and training, leadership n/a
Inc. development
Astoria, NY
https://efdsearch.senate.gov/search/view/annual/25848f65-86b0-44c3-8324-b50b0a5df6b7/ 4/5","[[[""Position\n# Position Dates Held Entity Entity Type Comments\n1 Sep 2022 to May 2024 Employee Mass Liberation Nonprofit Organization n/a\nBoston, MA\n2 May 2024 to Nov 2024 Employee Greater Boston Together Nonprofit Organization n/a\nBoston, MA\n3 Mar 2025 to Jun 2025 Employee Liberation News Corporation n/a\nSan Francisco, CA\n4 Jan 2026 to present Employee Liberation News Corporation n/a\nSan Francisco, CA\n5 Jun 2025 to Dec 2025 Employee Movement for Socialism Inc. Nonprofit Organization n/a\nAstoria, NY""], [""Part 9. Agreements\nDid you have any reportable agreement or arrangement with an outside entity? No""], [""Part 10. Compensation\nOnly required if you are a candidate or this is your first report: Did any person or entity pay more than $5,000 to you or for services provided by you? Yes\n# Source Duties Comments\n1 Mass Liberation Community outreach, civic engagement, popular education n/a\nBoston, MA\n2 Greater Boston Together Community outreach, community organizing and activism, popular n/a\nBoston, MA education\n3 Liberation News Leadership development and training, popular education, volunteer n/a\nSan Francisco, CA engagement\n4 Movement for Socialism Popular education, volunteer recruitment and training, leadership n/a\nInc. development\nAstoria, NY""], [""""]], [["""", ""#"", ""Position Dates"", ""Position\nHeld"", ""Entity"", ""Entity Type"", ""Comments""], ["""", ""1"", ""Sep 2022 to May 2024"", ""Employee"", ""Mass Liberation\nBoston, MA"", ""Nonprofit Organization"", ""n/a""], ["""", ""2"", ""May 2024 to Nov 2024"", ""Employee"", ""Greater Boston Together\nBoston, MA"", ""Nonprofit Organization"", ""n/a""], ["""", ""3"", ""Mar 2025 to Jun 2025"", ""Employee"", ""Liberation News\nSan Francisco, CA"", ""Corporation"", ""n/a""], ["""", ""4"", ""Jan 2026 to present"", ""Employee"", ""Liberation News\nSan Francisco, CA"", ""Corporation"", ""n/a""], ["""", ""5"", ""Jun 2025 to Dec 2025"", ""Employee"", ""Movement for Socialism Inc.\nAstoria, NY"", ""Nonprofit Organization"", ""n/a""]], [["""", ""#"", ""Source"", ""Duties"", ""Comments""], ["""", ""1"", ""Mass Liberation\nBoston, MA"", ""Community outreach, civic engagement, popular education"", ""n/a""], ["""", ""2"", ""Greater Boston Together\nBoston, MA"", ""Community outreach, community organizing and activism, popular\neducation"", ""n/a""], ["""", ""3"", ""Liberation News\nSan Francisco, CA"", ""Leadership development and training, popular education, volunteer\nengagement"", ""n/a""], ["""", ""4"", ""Movement for Socialism\nInc.\nAstoria, NY"", ""Popular education, volunteer recruitment and training, leadership\ndevelopment"", ""n/a""]]]",,,,,,,,,,,,,,,,,,,
PDF_PAGE,"eFD_ Annual Report for 2025 - Tache, Joseph.pdf","/home/vboxuser/work/ppf/ppf/temp/ppf/data/raw/eFD_ Annual Report for 2025 - Tache, Joseph.pdf",5.0,841.91998,594.95996,"2/15/26, 4:20 AM eFD: Annual Report for 2025 - Tache, Joseph
Attachments & Comments
No attachments added.
No comments added.
https://efdsearch.senate.gov/search/view/annual/25848f65-86b0-44c3-8324-b50b0a5df6b7/ 5/5",[],,,,,,,,,,,,,,,,,,,
PDF_PAGE,eFD_ Print Periodic Transaction Report.pdf,/home/vboxuser/work/ppf/ppf/temp/ppf/data/raw/eFD_ Print Periodic Transaction Report.pdf,1.0,841.91998,594.95996,"2/15/26, 4:20 AM eFD: Print Periodic Transaction Report
United States Senate
Financial Disclosures
Periodic Transaction Report for 02/04/2026
The Honorable Sheldon Whitehouse (Whitehouse, Sheldon)
 Filed 02/04/2026 @ 1:40 PM
The following statements were checked before filing:
I certify that the statements I have made on this form are true, complete and correct to the best of my knowledge and belief.
I understand that reports cannot be edited once filed. To make corrections, I will submit an electronic amendment to this report.
 Transactions (6 transactions total) 3 Self 0 Joint 3 Spouse 0 Dependent Child
Transactio Asset
# n Date Owner Ticker Asset Name Type Type Amount Comment
6 01/09/2026 Self SBUX Starbucks Corp Stock Sale (Full) $1,001 - $15,000 --
5 01/09/2026 Self NVDA Nvidia Corp Stock Sale (Partial) $1,001 - $15,000 --
4 01/09/2026 Self HD Home Depot Stock Sale (Partial) $1,001 - $15,000 --
3 01/09/2026 Spouse SBUX Starbucks Corp Stock Sale (Full) $1,001 - $15,000 --
2 01/09/2026 Spouse NVDA Nvidia Corp Stock Sale (Partial) $1,001 - $15,000 --
1 01/09/2026 Spouse MCD McDonald's Corp Stock Sale (Full) $15,001 - $50,000 --
https://efdsearch.senate.gov/search/view/ptr/d8dd8a6c-08c7-4432-8e62-5cd0ee9c4a8e/ 1/1","[[[""#"", ""Transactio\nn Date"", ""Owner"", ""Ticker"", ""Asset Name"", ""Asset\nType"", ""Type"", ""Amount"", ""Comment""], [""6"", ""01/09/2026"", ""Self"", ""SBUX"", ""Starbucks Corp"", ""Stock"", ""Sale (Full)"", ""$1,001 - $15,000"", ""--""], [""5"", ""01/09/2026"", ""Self"", ""NVDA"", ""Nvidia Corp"", ""Stock"", ""Sale (Partial)"", ""$1,001 - $15,000"", ""--""], [""4"", ""01/09/2026"", ""Self"", ""HD"", ""Home Depot"", ""Stock"", ""Sale (Partial)"", ""$1,001 - $15,000"", ""--""], [""3"", ""01/09/2026"", ""Spouse"", ""SBUX"", ""Starbucks Corp"", ""Stock"", ""Sale (Full)"", ""$1,001 - $15,000"", ""--""], [""2"", ""01/09/2026"", ""Spouse"", ""NVDA"", ""Nvidia Corp"", ""Stock"", ""Sale (Partial)"", ""$1,001 - $15,000"", ""--""], [""1"", ""01/09/2026"", ""Spouse"", ""MCD"", ""McDonald's Corp"", ""Stock"", ""Sale (Full)"", ""$15,001 - $50,000"", ""--""]]]",,,,,,,,,,,,,,,,,,,
PDF_PAGE,eFD_ Print Periodic Transaction Report2.pdf,/home/vboxuser/work/ppf/ppf/temp/ppf/data/raw/eFD_ Print Periodic Transaction Report2.pdf,1.0,841.91998,594.95996,"2/15/26, 4:21 AM eFD: Print Periodic Transaction Report
United States Senate
Financial Disclosures
Periodic Transaction Report for 02/04/2026
The Honorable Markwayne Mullin (Mullin, Markwayne)
 Filed 02/04/2026 @ 4:58 PM
The following statements were checked before filing:
I certify that the statements I have made on this form are true, complete and correct to the best of my knowledge and belief.
I understand that reports cannot be edited once filed. To make corrections, I will submit an electronic amendment to this report.
 Transactions (39 transactions total) 10 Self 19 Joint 10 Spouse 0 Dependent Child
https://efdsearch.senate.gov/search/view/ptr/98b3317b-2632-48c3-b636-d5555c4680ca/ 1/5",[],,,,,,,,,,,,,,,,,,,
PDF_PAGE,eFD_ Print Periodic Transaction Report2.pdf,/home/vboxuser/work/ppf/ppf/temp/ppf/data/raw/eFD_ Print Periodic Transaction Report2.pdf,2.0,841.91998,594.95996,"2/15/26, 4:21 AM eFD: Print Periodic Transaction Report
Transactio Asset
# n Date Owner Ticker Asset Name Type Type Amount Comment
39 01/20/2026 Joint -- KENTUCKY ST PPTY & Municipal Sale $50,001 - --
BLDGS COMMN REVS Security (Partial) $100,000
BDS
Rate/Coupon: 5.0%
Matures: 11/01/27
38 01/20/2026 Joint -- NEVADA ST LTD TAX GO Municipal Sale $1,001 - --
CAP IMPT BDS Security (Partial) $15,000
Rate/Coupon: 5.0%
Matures: 05/01/38
37 01/20/2026 Joint -- ALAMOGORDO N MEX Municipal Sale $15,001 - --
MUN SCH DIST NO 001 Security (Partial) $50,000
GO BDS
Rate/Coupon: 5.0%
Matures: 08/01/27
36 01/20/2026 Joint -- CORSICANA TEX Municipal Sale $15,001 - --
COMBINATION TAX AND Security (Partial) $50,000
REV CTFS OBLIG
Rate/Coupon: 4.0%
Matures: 02/15/42
35 01/20/2026 Joint -- AUSTIN TEX CTFS Municipal Sale $1,001 - --
OBLIG Security (Partial) $15,000
Rate/Coupon: 5.0%
Matures: 09/01/38
34 01/20/2026 Joint -- METROPOLITAN Municipal Sale $15,001 - --
TRANSN AUTH N Y Security (Partial) $50,000
DEDICATED TAX FD
GREEN FD BDS
Rate/Coupon: 5.0%
Matures: 11/15/36
33 01/20/2026 Joint -- WEST PALM BEACH FLA Municipal Sale $15,001 - --
CMNTY REDEV AGY TAX Security (Partial) $50,000
INCREMENT REV REF
BDS
Rate/Coupon: 5.0%
Matures: 03/01/33
https://efdsearch.senate.gov/search/view/ptr/98b3317b-2632-48c3-b636-d5555c4680ca/ 2/5","[[["""", """", ""#"", ""Transactio\nn Date"", ""Owner"", ""Ticker"", ""Asset Name"", ""Asset\nType"", ""Type"", ""Amount"", ""Comment"", """", """"], [null, null, ""39"", ""01/20/2026"", ""Joint"", ""--"", ""KENTUCKY ST PPTY &\nBLDGS COMMN REVS\nBDS\nRate/Coupon: 5.0%\nMatures: 11/01/27"", ""Municipal\nSecurity"", ""Sale\n(Partial)"", ""$50,001 -\n$100,000"", ""--"", null, null], [null, null, ""38"", ""01/20/2026"", ""Joint"", ""--"", ""NEVADA ST LTD TAX GO\nCAP IMPT BDS\nRate/Coupon: 5.0%\nMatures: 05/01/38"", ""Municipal\nSecurity"", ""Sale\n(Partial)"", ""$1,001 -\n$15,000"", ""--"", null, null], [null, null, ""37"", ""01/20/2026"", ""Joint"", ""--"", ""ALAMOGORDO N MEX\nMUN SCH DIST NO 001\nGO BDS\nRate/Coupon: 5.0%\nMatures: 08/01/27"", ""Municipal\nSecurity"", ""Sale\n(Partial)"", ""$15,001 -\n$50,000"", ""--"", null, null], [null, null, ""36"", ""01/20/2026"", ""Joint"", ""--"", ""CORSICANA TEX\nCOMBINATION TAX AND\nREV CTFS OBLIG\nRate/Coupon: 4.0%\nMatures: 02/15/42"", ""Municipal\nSecurity"", ""Sale\n(Partial)"", ""$15,001 -\n$50,000"", ""--"", null, null], [null, null, ""35"", ""01/20/2026"", ""Joint"", ""--"", ""AUSTIN TEX CTFS\nOBLIG\nRate/Coupon: 5.0%\nMatures: 09/01/38"", ""Municipal\nSecurity"", ""Sale\n(Partial)"", ""$1,001 -\n$15,000"", ""--"", null, null], [null, null, ""34"", ""01/20/2026"", ""Joint"", ""--"", ""METROPOLITAN\nTRANSN AUTH N Y\nDEDICATED TAX FD\nGREEN FD BDS\nRate/Coupon: 5.0%\nMatures: 11/15/36"", ""Municipal\nSecurity"", ""Sale\n(Partial)"", ""$15,001 -\n$50,000"", ""--"", null, null], [null, null, ""33"", ""01/20/2026"", ""Joint"", ""--"", ""WEST PALM BEACH FLA\nCMNTY REDEV AGY TAX\nINCREMENT REV REF\nBDS\nRate/Coupon: 5.0%\nMatures: 03/01/33"", ""Municipal\nSecurity"", ""Sale\n(Partial)"", ""$15,001 -\n$50,000"", ""--"", null, null], [null, null, """", null, null, null, null, null, null, null, null, null, null]]]",,,,,,,,,,,,,,,,,,,
PDF_PAGE,eFD_ Print Periodic Transaction Report2.pdf,/home/vboxuser/work/ppf/ppf/temp/ppf/data/raw/eFD_ Print Periodic Transaction Report2.pdf,3.0,841.91998,594.95996,"2/15/26, 4:21 AM eFD: Print Periodic Transaction Report
Transactio Asset
# n Date Owner Ticker Asset Name Type Type Amount Comment
32 01/20/2026 Joint -- MASSACHUSETTS ST Municipal Sale $15,001 - --
DEV FIN AGY REV BDS Security (Partial) $50,000
Rate/Coupon: 5.0%
Matures: 10/01/31
31 01/20/2026 Joint -- FLORIDA ST DEPT GEN Municipal Sale $15,001 - --
SVCS DIV FACS MGMT Security (Partial) $50,000
REV POOL REV REF
BDS
Rate/Coupon: 4.0%
Matures: 09/01/30
30 01/20/2026 Joint -- COOK CNTY ILL CMNTY Municipal Sale $15,001 - --
CONS SCH DIST NO 015 Security (Partial) $50,000
PALATINE GO BDS
Rate/Coupon: 5.25%
Matures: 12/15/39
29 01/20/2026 Joint -- IPS MULTI-SCH BLDG Municipal Sale $50,001 - --
CORP IND UNLTD AD Security (Partial) $100,000
VALOREM PPTY TAX
FIRST MTG BDS
Rate/Coupon: 5.0%
Matures: 07/15/38
28 01/20/2026 Joint -- SALEM N H GO BDS Municipal Sale $15,001 - --
Rate/Coupon: 4.0% Security (Partial) $50,000
Matures: 10/01/36
27 01/20/2026 Joint -- FORT LAUDERDALE FLA Municipal Sale $1,001 - --
WTR & SWR REV BDS Security (Partial) $15,000
Rate/Coupon: 5.0%
Matures: 09/01/38
26 01/20/2026 Joint -- UNIVERSITY HOUSTON Municipal Sale $15,001 - --
TEX UNIV REVS Security (Partial) $50,000
CONSOLIDATED REV
AND REF BDS
Rate/Coupon: 5.0%
Matures: 02/15/33
https://efdsearch.senate.gov/search/view/ptr/98b3317b-2632-48c3-b636-d5555c4680ca/ 3/5","[[["""", """", ""#"", ""Transactio\nn Date"", ""Owner"", ""Ticker"", ""Asset Name"", ""Asset\nType"", ""Type"", ""Amount"", ""Comment"", """", """"], [null, null, ""32"", ""01/20/2026"", ""Joint"", ""--"", ""MASSACHUSETTS ST\nDEV FIN AGY REV BDS\nRate/Coupon: 5.0%\nMatures: 10/01/31"", ""Municipal\nSecurity"", ""Sale\n(Partial)"", ""$15,001 -\n$50,000"", ""--"", null, null], [null, null, ""31"", ""01/20/2026"", ""Joint"", ""--"", ""FLORIDA ST DEPT GEN\nSVCS DIV FACS MGMT\nREV POOL REV REF\nBDS\nRate/Coupon: 4.0%\nMatures: 09/01/30"", ""Municipal\nSecurity"", ""Sale\n(Partial)"", ""$15,001 -\n$50,000"", ""--"", null, null], [null, null, ""30"", ""01/20/2026"", ""Joint"", ""--"", ""COOK CNTY ILL CMNTY\nCONS SCH DIST NO 015\nPALATINE GO BDS\nRate/Coupon: 5.25%\nMatures: 12/15/39"", ""Municipal\nSecurity"", ""Sale\n(Partial)"", ""$15,001 -\n$50,000"", ""--"", null, null], [null, null, ""29"", ""01/20/2026"", ""Joint"", ""--"", ""IPS MULTI-SCH BLDG\nCORP IND UNLTD AD\nVALOREM PPTY TAX\nFIRST MTG BDS\nRate/Coupon: 5.0%\nMatures: 07/15/38"", ""Municipal\nSecurity"", ""Sale\n(Partial)"", ""$50,001 -\n$100,000"", ""--"", null, null], [null, null, ""28"", ""01/20/2026"", ""Joint"", ""--"", ""SALEM N H GO BDS\nRate/Coupon: 4.0%\nMatures: 10/01/36"", ""Municipal\nSecurity"", ""Sale\n(Partial)"", ""$15,001 -\n$50,000"", ""--"", null, null], [null, null, ""27"", ""01/20/2026"", ""Joint"", ""--"", ""FORT LAUDERDALE FLA\nWTR & SWR REV BDS\nRate/Coupon: 5.0%\nMatures: 09/01/38"", ""Municipal\nSecurity"", ""Sale\n(Partial)"", ""$1,001 -\n$15,000"", ""--"", null, null], [null, null, ""26"", ""01/20/2026"", ""Joint"", ""--"", ""UNIVERSITY HOUSTON\nTEX UNIV REVS\nCONSOLIDATED REV\nAND REF BDS\nRate/Coupon: 5.0%\nMatures: 02/15/33"", ""Municipal\nSecurity"", ""Sale\n(Partial)"", ""$15,001 -\n$50,000"", ""--"", null, null], [null, null, """", null, null, null, null, null, null, null, null, null, null]]]",,,,,,,,,,,,,,,,,,,
PDF_PAGE,eFD_ Print Periodic Transaction Report2.pdf,/home/vboxuser/work/ppf/ppf/temp/ppf/data/raw/eFD_ Print Periodic Transaction Report2.pdf,4.0,841.91998,594.95996,"2/15/26, 4:21 AM eFD: Print Periodic Transaction Report
Transactio Asset
# n Date Owner Ticker Asset Name Type Type Amount Comment
25 01/20/2026 Joint -- MACOMB INTER SCH Municipal Sale $1,001 - --
DIST MICH UNLTD TAX Security (Partial) $15,000
GO BLDG SITE BDS
Rate/Coupon: 5.0%
Matures: 05/01/38
24 01/20/2026 Joint -- CLEAR CREEK TEX Municipal Sale $50,001 - --
INDPT SCH DIST UNLTD Security (Partial) $100,000
TAX REF BDS
Rate/Coupon: 5.0%
Matures: 02/15/38
23 01/20/2026 Joint -- FORT SMITH ARK WTR & Municipal Sale $50,001 - --
SWR REV REF CONSTR Security (Partial) $100,000
BDS
Rate/Coupon: 5.0%
Matures: 10/01/32
22 01/20/2026 Joint -- SEATTLE WASH DRAIN & Municipal Sale $50,001 - --
WASTEWATER REV REF Security (Partial) $100,000
REV BDS
Rate/Coupon: 4.0%
Matures: 05/01/39
21 01/21/2026 Joint -- COOK CNTY ILL CMNTY Municipal Sale $1,001 - --
CONS SCH DIST NO 015 Security (Partial) $15,000
PALATINE GO BDS
Rate/Coupon: 5.25%
Matures: 12/15/39
20 01/05/2026 Spouse VSEC VSE Corporation - Stock Purchase $15,001 - --
Common Stock $50,000
19 01/05/2026 Spouse MPWR Monolithic Power Systems, Stock Purchase $15,001 - --
Inc. - Common Stock $50,000
18 01/05/2026 Spouse MCK McKesson Corporation Stock Purchase $15,001 - --
Common Stock $50,000
17 01/05/2026 Spouse LRN Stride, Inc. Common Stock Stock Purchase $15,001 - --
$50,000
16 01/05/2026 Spouse FCFS FirstCash Holdings, Inc. - Stock Purchase $15,001 - --
Common Stock $50,000
https://efdsearch.senate.gov/search/view/ptr/98b3317b-2632-48c3-b636-d5555c4680ca/ 4/5","[[["""", """", ""#"", ""Transactio\nn Date"", ""Owner"", ""Ticker"", ""Asset Name"", ""Asset\nType"", ""Type"", ""Amount"", ""Comment"", """", """"], [null, null, ""25"", ""01/20/2026"", ""Joint"", ""--"", ""MACOMB INTER SCH\nDIST MICH UNLTD TAX\nGO BLDG SITE BDS\nRate/Coupon: 5.0%\nMatures: 05/01/38"", ""Municipal\nSecurity"", ""Sale\n(Partial)"", ""$1,001 -\n$15,000"", ""--"", null, null], [null, null, ""24"", ""01/20/2026"", ""Joint"", ""--"", ""CLEAR CREEK TEX\nINDPT SCH DIST UNLTD\nTAX REF BDS\nRate/Coupon: 5.0%\nMatures: 02/15/38"", ""Municipal\nSecurity"", ""Sale\n(Partial)"", ""$50,001 -\n$100,000"", ""--"", null, null], [null, null, ""23"", ""01/20/2026"", ""Joint"", ""--"", ""FORT SMITH ARK WTR &\nSWR REV REF CONSTR\nBDS\nRate/Coupon: 5.0%\nMatures: 10/01/32"", ""Municipal\nSecurity"", ""Sale\n(Partial)"", ""$50,001 -\n$100,000"", ""--"", null, null], [null, null, ""22"", ""01/20/2026"", ""Joint"", ""--"", ""SEATTLE WASH DRAIN &\nWASTEWATER REV REF\nREV BDS\nRate/Coupon: 4.0%\nMatures: 05/01/39"", ""Municipal\nSecurity"", ""Sale\n(Partial)"", ""$50,001 -\n$100,000"", ""--"", null, null], [null, null, ""21"", ""01/21/2026"", ""Joint"", ""--"", ""COOK CNTY ILL CMNTY\nCONS SCH DIST NO 015\nPALATINE GO BDS\nRate/Coupon: 5.25%\nMatures: 12/15/39"", ""Municipal\nSecurity"", ""Sale\n(Partial)"", ""$1,001 -\n$15,000"", ""--"", null, null], [null, null, ""20"", ""01/05/2026"", ""Spouse"", ""VSEC"", ""VSE Corporation -\nCommon Stock"", ""Stock"", ""Purchase"", ""$15,001 -\n$50,000"", ""--"", null, null], [null, null, ""19"", ""01/05/2026"", ""Spouse"", ""MPWR"", ""Monolithic Power Systems,\nInc. - Common Stock"", ""Stock"", ""Purchase"", ""$15,001 -\n$50,000"", ""--"", null, null], [null, null, ""18"", ""01/05/2026"", ""Spouse"", ""MCK"", ""McKesson Corporation\nCommon Stock"", ""Stock"", ""Purchase"", ""$15,001 -\n$50,000"", ""--"", null, null], [null, null, ""17"", ""01/05/2026"", ""Spouse"", ""LRN"", ""Stride, Inc. Common Stock"", ""Stock"", ""Purchase"", ""$15,001 -\n$50,000"", ""--"", null, null], [null, null, ""16"", ""01/05/2026"", ""Spouse"", ""FCFS"", ""FirstCash Holdings, Inc. -\nCommon Stock"", ""Stock"", ""Purchase"", ""$15,001 -\n$50,000"", ""--"", null, null], [null, null, """", null, null, null, null, null, null, null, null, null, null]]]",,,,,,,,,,,,,,,,,,,
PDF_PAGE,eFD_ Print Periodic Transaction Report2.pdf,/home/vboxuser/work/ppf/ppf/temp/ppf/data/raw/eFD_ Print Periodic Transaction Report2.pdf,5.0,841.91998,594.95996,"2/15/26, 4:21 AM eFD: Print Periodic Transaction Report
Transactio Asset
# n Date Owner Ticker Asset Name Type Type Amount Comment
15 01/05/2026 Spouse CRS Carpenter Technology Stock Purchase $15,001 - --
Corporation Common $50,000
Stock
14 01/05/2026 Spouse C Citigroup Inc Stock Purchase $15,001 - --
$50,000
13 01/05/2026 Spouse APG APi Group Corporation Stock Purchase $15,001 - --
Common Stock $50,000
12 01/05/2026 Spouse AMKR Amkor Technology, Inc. - Stock Purchase $15,001 - --
Common Stock $50,000
11 01/05/2026 Spouse ADBE Adobe Inc. - Common Stock Purchase $15,001 - --
Stock $50,000
10 01/05/2026 Self VSEC VSE Corporation - Stock Purchase $15,001 - --
Common Stock $50,000
9 01/05/2026 Self MPWR Monolithic Power Systems, Stock Purchase $15,001 - --
Inc. - Common Stock $50,000
8 01/05/2026 Self MCK McKesson Corporation Stock Purchase $15,001 - --
Common Stock $50,000
7 01/05/2026 Self LRN Stride, Inc. Common Stock Stock Purchase $15,001 - --
$50,000
6 01/05/2026 Self FCFS FirstCash Holdings, Inc. - Stock Purchase $15,001 - --
Common Stock $50,000
5 01/05/2026 Self CRS Carpenter Technology Stock Purchase $15,001 - --
Corporation Common $50,000
Stock
4 01/05/2026 Self C Citigroup Inc Stock Purchase $15,001 - --
$50,000
3 01/05/2026 Self APG APi Group Corporation Stock Purchase $15,001 - --
Common Stock $50,000
2 01/05/2026 Self AMKR Amkor Technology, Inc. - Stock Purchase $15,001 - --
Common Stock $50,000
1 01/05/2026 Self ADBE Adobe Inc. - Common Stock Purchase $15,001 - --
Stock $50,000
https://efdsearch.senate.gov/search/view/ptr/98b3317b-2632-48c3-b636-d5555c4680ca/ 5/5","[[[""#"", ""Transactio\nn Date"", ""Owner"", ""Ticker"", ""Asset Name"", ""Asset\nType"", ""Type"", ""Amount"", ""Comment""], [""15"", ""01/05/2026"", ""Spouse"", ""CRS"", ""Carpenter Technology\nCorporation Common\nStock"", ""Stock"", ""Purchase"", ""$15,001 -\n$50,000"", ""--""], [""14"", ""01/05/2026"", ""Spouse"", ""C"", ""Citigroup Inc"", ""Stock"", ""Purchase"", ""$15,001 -\n$50,000"", ""--""], [""13"", ""01/05/2026"", ""Spouse"", ""APG"", ""APi Group Corporation\nCommon Stock"", ""Stock"", ""Purchase"", ""$15,001 -\n$50,000"", ""--""], [""12"", ""01/05/2026"", ""Spouse"", ""AMKR"", ""Amkor Technology, Inc. -\nCommon Stock"", ""Stock"", ""Purchase"", ""$15,001 -\n$50,000"", ""--""], [""11"", ""01/05/2026"", ""Spouse"", ""ADBE"", ""Adobe Inc. - Common\nStock"", ""Stock"", ""Purchase"", ""$15,001 -\n$50,000"", ""--""], [""10"", ""01/05/2026"", ""Self"", ""VSEC"", ""VSE Corporation -\nCommon Stock"", ""Stock"", ""Purchase"", ""$15,001 -\n$50,000"", ""--""], [""9"", ""01/05/2026"", ""Self"", ""MPWR"", ""Monolithic Power Systems,\nInc. - Common Stock"", ""Stock"", ""Purchase"", ""$15,001 -\n$50,000"", ""--""], [""8"", ""01/05/2026"", ""Self"", ""MCK"", ""McKesson Corporation\nCommon Stock"", ""Stock"", ""Purchase"", ""$15,001 -\n$50,000"", ""--""], [""7"", ""01/05/2026"", ""Self"", ""LRN"", ""Stride, Inc. Common Stock"", ""Stock"", ""Purchase"", ""$15,001 -\n$50,000"", ""--""], [""6"", ""01/05/2026"", ""Self"", ""FCFS"", ""FirstCash Holdings, Inc. -\nCommon Stock"", ""Stock"", ""Purchase"", ""$15,001 -\n$50,000"", ""--""], [""5"", ""01/05/2026"", ""Self"", ""CRS"", ""Carpenter Technology\nCorporation Common\nStock"", ""Stock"", ""Purchase"", ""$15,001 -\n$50,000"", ""--""], [""4"", ""01/05/2026"", ""Self"", ""C"", ""Citigroup Inc"", ""Stock"", ""Purchase"", ""$15,001 -\n$50,000"", ""--""], [""3"", ""01/05/2026"", ""Self"", ""APG"", ""APi Group Corporation\nCommon Stock"", ""Stock"", ""Purchase"", ""$15,001 -\n$50,000"", ""--""], [""2"", ""01/05/2026"", ""Self"", ""AMKR"", ""Amkor Technology, Inc. -\nCommon Stock"", ""Stock"", ""Purchase"", ""$15,001 -\n$50,000"", ""--""], [""1"", ""01/05/2026"", ""Self"", ""ADBE"", ""Adobe Inc. - Common\nStock"", ""Stock"", ""Purchase"", ""$15,001 -\n$50,000"", ""--""]]]",,,,,,,,,,,,,,,,,,,
PDF_PAGE,eFD_ Print Periodic Transaction Report3.pdf,/home/vboxuser/work/ppf/ppf/temp/ppf/data/raw/eFD_ Print Periodic Transaction Report3.pdf,1.0,841.91998,594.95996,"2/15/26, 4:21 AM eFD: Print Periodic Transaction Report
United States Senate
Financial Disclosures
Periodic Transaction Report for 02/06/2026
The Honorable John W Hickenlooper (Hickenlooper, John)
 Filed 02/06/2026 @ 3:19 PM
The following statements were checked before filing:
I certify that the statements I have made on this form are true, complete and correct to the best of my knowledge and belief.
I understand that reports cannot be edited once filed. To make corrections, I will submit an electronic amendment to this report.
 Transactions (4 transactions total) 4 Self 0 Joint 0 Spouse 0 Dependent Child
Transactio Asset
# n Date Owner Ticker Asset Name Type Type Amount Comment
4 01/14/2026 Self LOW Lowe's Companies, Inc. Stock Sale $50,001 - --
Common Stock (Partial) $100,000
3 01/14/2026 Self TJX TJX Companies, Inc. Stock Sale $50,001 - --
(The) Common Stock (Partial) $100,000
2 01/14/2026 Self ETN Eaton Corporation, PLC Stock Purchase $50,001 - --
Ordinary Shares $100,000
1 01/14/2026 Self UBER Uber Technologies, Inc. Stock Purchase $100,001 - --
Common Stock $250,000
https://efdsearch.senate.gov/search/view/ptr/83722654-25b1-499e-8ad5-4a1349d993a6/ 1/1","[[[""#"", ""Transactio\nn Date"", ""Owner"", ""Ticker"", ""Asset Name"", ""Asset\nType"", ""Type"", ""Amount"", ""Comment""], [""4"", ""01/14/2026"", ""Self"", ""LOW"", ""Lowe's Companies, Inc.\nCommon Stock"", ""Stock"", ""Sale\n(Partial)"", ""$50,001 -\n$100,000"", ""--""], [""3"", ""01/14/2026"", ""Self"", ""TJX"", ""TJX Companies, Inc.\n(The) Common Stock"", ""Stock"", ""Sale\n(Partial)"", ""$50,001 -\n$100,000"", ""--""], [""2"", ""01/14/2026"", ""Self"", ""ETN"", ""Eaton Corporation, PLC\nOrdinary Shares"", ""Stock"", ""Purchase"", ""$50,001 -\n$100,000"", ""--""], [""1"", ""01/14/2026"", ""Self"", ""UBER"", ""Uber Technologies, Inc.\nCommon Stock"", ""Stock"", ""Purchase"", ""$100,001 -\n$250,000"", ""--""]]]",,,,,,,,,,,,,,,,,,,
PDF_PAGE,eFD_ Print Report5.pdf,/home/vboxuser/work/ppf/ppf/temp/ppf/data/raw/eFD_ Print Report5.pdf,1.0,841.91998,594.95996,"2/15/26, 4:22 AM eFD: Print Report
https://efdsearch.senate.gov/search/print/paper/068274e1-4b7a-4453-a242-563dde4c10d8/ 1/11",[],,,,,,,,,,,,,,,,,,,
PDF_PAGE,eFD_ Print Report5.pdf,/home/vboxuser/work/ppf/ppf/temp/ppf/data/raw/eFD_ Print Report5.pdf,2.0,841.91998,594.95996,"2/15/26, 4:22 AM eFD: Print Report
https://efdsearch.senate.gov/search/print/paper/068274e1-4b7a-4453-a242-563dde4c10d8/ 2/11","[[[""/15/26, 4:22 AM eFD: Print Report""], [""""]]]",,,,,,,,,,,,,,,,,,,
PDF_PAGE,eFD_ Print Report5.pdf,/home/vboxuser/work/ppf/ppf/temp/ppf/data/raw/eFD_ Print Report5.pdf,3.0,841.91998,594.95996,"2/15/26, 4:22 AM eFD: Print Report
https://efdsearch.senate.gov/search/print/paper/068274e1-4b7a-4453-a242-563dde4c10d8/ 3/11",[],,,,,,,,,,,,,,,,,,,
PDF_PAGE,eFD_ Print Report5.pdf,/home/vboxuser/work/ppf/ppf/temp/ppf/data/raw/eFD_ Print Report5.pdf,4.0,841.91998,594.95996,"2/15/26, 4:22 AM eFD: Print Report
https://efdsearch.senate.gov/search/print/paper/068274e1-4b7a-4453-a242-563dde4c10d8/ 4/11","[[[""/15/26, 4:22 AM eFD: Print Report""], [""""]]]",,,,,,,,,,,,,,,,,,,
PDF_PAGE,eFD_ Print Report5.pdf,/home/vboxuser/work/ppf/ppf/temp/ppf/data/raw/eFD_ Print Report5.pdf,5.0,841.91998,594.95996,"2/15/26, 4:22 AM eFD: Print Report
https://efdsearch.senate.gov/search/print/paper/068274e1-4b7a-4453-a242-563dde4c10d8/ 5/11",[],,,,,,,,,,,,,,,,,,,
PDF_PAGE,eFD_ Print Report5.pdf,/home/vboxuser/work/ppf/ppf/temp/ppf/data/raw/eFD_ Print Report5.pdf,6.0,841.91998,594.95996,"2/15/26, 4:22 AM eFD: Print Report
https://efdsearch.senate.gov/search/print/paper/068274e1-4b7a-4453-a242-563dde4c10d8/ 6/11","[[[""/15/26, 4:22 AM eFD: Print Report""], [""""]]]",,,,,,,,,,,,,,,,,,,
PDF_PAGE,eFD_ Print Report5.pdf,/home/vboxuser/work/ppf/ppf/temp/ppf/data/raw/eFD_ Print Report5.pdf,7.0,841.91998,594.95996,"2/15/26, 4:22 AM eFD: Print Report
https://efdsearch.senate.gov/search/print/paper/068274e1-4b7a-4453-a242-563dde4c10d8/ 7/11",[],,,,,,,,,,,,,,,,,,,
PDF_PAGE,eFD_ Print Report5.pdf,/home/vboxuser/work/ppf/ppf/temp/ppf/data/raw/eFD_ Print Report5.pdf,8.0,841.91998,594.95996,"2/15/26, 4:22 AM eFD: Print Report
https://efdsearch.senate.gov/search/print/paper/068274e1-4b7a-4453-a242-563dde4c10d8/ 8/11","[[[""/15/26, 4:22 AM eFD: Print Report""], [""""]]]",,,,,,,,,,,,,,,,,,,
PDF_PAGE,eFD_ Print Report5.pdf,/home/vboxuser/work/ppf/ppf/temp/ppf/data/raw/eFD_ Print Report5.pdf,9.0,841.91998,594.95996,"2/15/26, 4:22 AM eFD: Print Report
https://efdsearch.senate.gov/search/print/paper/068274e1-4b7a-4453-a242-563dde4c10d8/ 9/11",[],,,,,,,,,,,,,,,,,,,
PDF_PAGE,eFD_ Print Report5.pdf,/home/vboxuser/work/ppf/ppf/temp/ppf/data/raw/eFD_ Print Report5.pdf,10.0,841.91998,594.95996,"2/15/26, 4:22 AM eFD: Print Report
https://efdsearch.senate.gov/search/print/paper/068274e1-4b7a-4453-a242-563dde4c10d8/ 10/11","[[[""/15/26, 4:22 AM eFD: Print Report""], [""""]]]",,,,,,,,,,,,,,,,,,,
PDF_PAGE,eFD_ Print Report5.pdf,/home/vboxuser/work/ppf/ppf/temp/ppf/data/raw/eFD_ Print Report5.pdf,11.0,841.91998,594.95996,"2/15/26, 4:22 AM eFD: Print Report
https://efdsearch.senate.gov/search/print/paper/068274e1-4b7a-4453-a242-563dde4c10d8/ 11/11",[],,,,,,,,,,,,,,,,,,,
TRANSACTION,eFD_ Print Periodic Transaction Report.pdf,,,,,,,PTR_TABLE_PDF,6.0,2026-01-09,Self,6,Starbucks Corp,Stock,Sale (Full),SELL,FULL,"$1,001 - $15,000",1001.0,15000.0,1.0,"Whitehouse, Sheldon",2026-02-04T13:40:00,,,
TRANSACTION,eFD_ Print Periodic Transaction Report.pdf,,,,,,,PTR_TABLE_PDF,5.0,2026-01-09,Self,5,Nvidia Corp,Stock,Sale (Partial),SELL,PARTIAL,"$1,001 - $15,000",1001.0,15000.0,1.0,"Whitehouse, Sheldon",2026-02-04T13:40:00,,,
TRANSACTION,eFD_ Print Periodic Transaction Report.pdf,,,,,,,PTR_TABLE_PDF,4.0,2026-01-09,Self,4,Home Depot,Stock,Sale (Partial),SELL,PARTIAL,"$1,001 - $15,000",1001.0,15000.0,1.0,"Whitehouse, Sheldon",2026-02-04T13:40:00,,,
TRANSACTION,eFD_ Print Periodic Transaction Report.pdf,,,,,,,PTR_TABLE_PDF,3.0,2026-01-09,Spouse,3,Starbucks Corp,Stock,Sale (Full),SELL,FULL,"$1,001 - $15,000",1001.0,15000.0,1.0,"Whitehouse, Sheldon",2026-02-04T13:40:00,,,
TRANSACTION,eFD_ Print Periodic Transaction Report.pdf,,,,,,,PTR_TABLE_PDF,2.0,2026-01-09,Spouse,2,Nvidia Corp,Stock,Sale (Partial),SELL,PARTIAL,"$1,001 - $15,000",1001.0,15000.0,1.0,"Whitehouse, Sheldon",2026-02-04T13:40:00,,,
TRANSACTION,eFD_ Print Periodic Transaction Report.pdf,,,,,,,PTR_TABLE_PDF,1.0,2026-01-09,Spouse,1,McDonald's Corp,Stock,Sale (Full),SELL,FULL,"$15,001 - $50,000",15001.0,50000.0,1.0,"Whitehouse, Sheldon",2026-02-04T13:40:00,,,
TRANSACTION,eFD_ Print Periodic Transaction Report2.pdf,,,,,,,PTR_TABLE_PDF,39.0,2026-01-20,Joint,39,KENTUCKY ST PPTY & BLDGS COMMN REVS BDS Rate/Coupon: 5.0% Matures: 11/01/27,Municipal Security,Sale (Partial),SELL,PARTIAL,"$50,001 - $100,000",50001.0,100000.0,2.0,"Mullin, Markwayne",2026-02-04T16:58:00,,,
TRANSACTION,eFD_ Print Periodic Transaction Report2.pdf,,,,,,,PTR_TABLE_PDF,38.0,2026-01-20,Joint,38,NEVADA ST LTD TAX GO CAP IMPT BDS Rate/Coupon: 5.0% Matures: 05/01/38,Municipal Security,Sale (Partial),SELL,PARTIAL,"$1,001 - $15,000",1001.0,15000.0,2.0,"Mullin, Markwayne",2026-02-04T16:58:00,,,
TRANSACTION,eFD_ Print Periodic Transaction Report2.pdf,,,,,,,PTR_TABLE_PDF,37.0,2026-01-20,Joint,37,ALAMOGORDO N MEX MUN SCH DIST NO 001 GO BDS Rate/Coupon: 5.0% Matures: 08/01/27,Municipal Security,Sale (Partial),SELL,PARTIAL,"$15,001 - $50,000",15001.0,50000.0,2.0,"Mullin, Markwayne",2026-02-04T16:58:00,,,
TRANSACTION,eFD_ Print Periodic Transaction Report2.pdf,,,,,,,PTR_TABLE_PDF,36.0,2026-01-20,Joint,36,CORSICANA TEX COMBINATION TAX AND REV CTFS OBLIG Rate/Coupon: 4.0% Matures: 02/15/42,Municipal Security,Sale (Partial),SELL,PARTIAL,"$15,001 - $50,000",15001.0,50000.0,2.0,"Mullin, Markwayne",2026-02-04T16:58:00,,,
TRANSACTION,eFD_ Print Periodic Transaction Report2.pdf,,,,,,,PTR_TABLE_PDF,35.0,2026-01-20,Joint,35,AUSTIN TEX CTFS OBLIG Rate/Coupon: 5.0% Matures: 09/01/38,Municipal Security,Sale (Partial),SELL,PARTIAL,"$1,001 - $15,000",1001.0,15000.0,2.0,"Mullin, Markwayne",2026-02-04T16:58:00,,,
TRANSACTION,eFD_ Print Periodic Transaction Report2.pdf,,,,,,,PTR_TABLE_PDF,34.0,2026-01-20,Joint,34,METROPOLITAN TRANSN AUTH N Y DEDICATED TAX FD GREEN FD BDS Rate/Coupon: 5.0% Matures: 11/15/36,Municipal Security,Sale (Partial),SELL,PARTIAL,"$15,001 - $50,000",15001.0,50000.0,2.0,"Mullin, Markwayne",2026-02-04T16:58:00,,,
TRANSACTION,eFD_ Print Periodic Transaction Report2.pdf,,,,,,,PTR_TABLE_PDF,33.0,2026-01-20,Joint,33,WEST PALM BEACH FLA CMNTY REDEV AGY TAX INCREMENT REV REF BDS Rate/Coupon: 5.0% Matures: 03/01/33,Municipal Security,Sale (Partial),SELL,PARTIAL,"$15,001 - $50,000",15001.0,50000.0,2.0,"Mullin, Markwayne",2026-02-04T16:58:00,,,
TRANSACTION,eFD_ Print Periodic Transaction Report2.pdf,,,,,,,PTR_TABLE_PDF,32.0,2026-01-20,Joint,32,MASSACHUSETTS ST DEV FIN AGY REV BDS Rate/Coupon: 5.0% Matures: 10/01/31,Municipal Security,Sale (Partial),SELL,PARTIAL,"$15,001 - $50,000",15001.0,50000.0,3.0,"Mullin, Markwayne",2026-02-04T16:58:00,,,
TRANSACTION,eFD_ Print Periodic Transaction Report2.pdf,,,,,,,PTR_TABLE_PDF,31.0,2026-01-20,Joint,31,FLORIDA ST DEPT GEN SVCS DIV FACS MGMT REV POOL REV REF BDS Rate/Coupon: 4.0% Matures: 09/01/30,Municipal Security,Sale (Partial),SELL,PARTIAL,"$15,001 - $50,000",15001.0,50000.0,3.0,"Mullin, Markwayne",2026-02-04T16:58:00,,,
TRANSACTION,eFD_ Print Periodic Transaction Report2.pdf,,,,,,,PTR_TABLE_PDF,30.0,2026-01-20,Joint,30,COOK CNTY ILL CMNTY CONS SCH DIST NO 015 PALATINE GO BDS Rate/Coupon: 5.25% Matures: 12/15/39,Municipal Security,Sale (Partial),SELL,PARTIAL,"$15,001 - $50,000",15001.0,50000.0,3.0,"Mullin, Markwayne",2026-02-04T16:58:00,,,
TRANSACTION,eFD_ Print Periodic Transaction Report2.pdf,,,,,,,PTR_TABLE_PDF,29.0,2026-01-20,Joint,29,IPS MULTI-SCH BLDG CORP IND UNLTD AD VALOREM PPTY TAX FIRST MTG BDS Rate/Coupon: 5.0% Matures: 07/15/38,Municipal Security,Sale (Partial),SELL,PARTIAL,"$50,001 - $100,000",50001.0,100000.0,3.0,"Mullin, Markwayne",2026-02-04T16:58:00,,,
TRANSACTION,eFD_ Print Periodic Transaction Report2.pdf,,,,,,,PTR_TABLE_PDF,28.0,2026-01-20,Joint,28,SALEM N H GO BDS Rate/Coupon: 4.0% Matures: 10/01/36,Municipal Security,Sale (Partial),SELL,PARTIAL,"$15,001 - $50,000",15001.0,50000.0,3.0,"Mullin, Markwayne",2026-02-04T16:58:00,,,
TRANSACTION,eFD_ Print Periodic Transaction Report2.pdf,,,,,,,PTR_TABLE_PDF,27.0,2026-01-20,Joint,27,FORT LAUDERDALE FLA WTR & SWR REV BDS Rate/Coupon: 5.0% Matures: 09/01/38,Municipal Security,Sale (Partial),SELL,PARTIAL,"$1,001 - $15,000",1001.0,15000.0,3.0,"Mullin, Markwayne",2026-02-04T16:58:00,,,
TRANSACTION,eFD_ Print Periodic Transaction Report2.pdf,,,,,,,PTR_TABLE_PDF,26.0,2026-01-20,Joint,26,UNIVERSITY HOUSTON TEX UNIV REVS CONSOLIDATED REV AND REF BDS Rate/Coupon: 5.0% Matures: 02/15/33,Municipal Security,Sale (Partial),SELL,PARTIAL,"$15,001 - $50,000",15001.0,50000.0,3.0,"Mullin, Markwayne",2026-02-04T16:58:00,,,
TRANSACTION,eFD_ Print Periodic Transaction Report2.pdf,,,,,,,PTR_TABLE_PDF,25.0,2026-01-20,Joint,25,MACOMB INTER SCH DIST MICH UNLTD TAX GO BLDG SITE BDS Rate/Coupon: 5.0% Matures: 05/01/38,Municipal Security,Sale (Partial),SELL,PARTIAL,"$1,001 - $15,000",1001.0,15000.0,4.0,"Mullin, Markwayne",2026-02-04T16:58:00,,,
TRANSACTION,eFD_ Print Periodic Transaction Report2.pdf,,,,,,,PTR_TABLE_PDF,24.0,2026-01-20,Joint,24,CLEAR CREEK TEX INDPT SCH DIST UNLTD TAX REF BDS Rate/Coupon: 5.0% Matures: 02/15/38,Municipal Security,Sale (Partial),SELL,PARTIAL,"$50,001 - $100,000",50001.0,100000.0,4.0,"Mullin, Markwayne",2026-02-04T16:58:00,,,
TRANSACTION,eFD_ Print Periodic Transaction Report2.pdf,,,,,,,PTR_TABLE_PDF,23.0,2026-01-20,Joint,23,FORT SMITH ARK WTR & SWR REV REF CONSTR BDS Rate/Coupon: 5.0% Matures: 10/01/32,Municipal Security,Sale (Partial),SELL,PARTIAL,"$50,001 - $100,000",50001.0,100000.0,4.0,"Mullin, Markwayne",2026-02-04T16:58:00,,,
TRANSACTION,eFD_ Print Periodic Transaction Report2.pdf,,,,,,,PTR_TABLE_PDF,22.0,2026-01-20,Joint,22,SEATTLE WASH DRAIN & WASTEWATER REV REF REV BDS Rate/Coupon: 4.0% Matures: 05/01/39,Municipal Security,Sale (Partial),SELL,PARTIAL,"$50,001 - $100,000",50001.0,100000.0,4.0,"Mullin, Markwayne",2026-02-04T16:58:00,,,
TRANSACTION,eFD_ Print Periodic Transaction Report2.pdf,,,,,,,PTR_TABLE_PDF,21.0,2026-01-21,Joint,21,COOK CNTY ILL CMNTY CONS SCH DIST NO 015 PALATINE GO BDS Rate/Coupon: 5.25% Matures: 12/15/39,Municipal Security,Sale (Partial),SELL,PARTIAL,"$1,001 - $15,000",1001.0,15000.0,4.0,"Mullin, Markwayne",2026-02-04T16:58:00,,,
TRANSACTION,eFD_ Print Periodic Transaction Report2.pdf,,,,,,,PTR_TABLE_PDF,20.0,2026-01-05,Spouse,20,VSE Corporation - Common Stock,Stock,Purchase,BUY,,"$15,001 - $50,000",15001.0,50000.0,4.0,"Mullin, Markwayne",2026-02-04T16:58:00,,,
TRANSACTION,eFD_ Print Periodic Transaction Report2.pdf,,,,,,,PTR_TABLE_PDF,19.0,2026-01-05,Spouse,19,"Monolithic Power Systems, Inc. - Common Stock",Stock,Purchase,BUY,,"$15,001 - $50,000",15001.0,50000.0,4.0,"Mullin, Markwayne",2026-02-04T16:58:00,,,
TRANSACTION,eFD_ Print Periodic Transaction Report2.pdf,,,,,,,PTR_TABLE_PDF,18.0,2026-01-05,Spouse,18,McKesson Corporation Common Stock,Stock,Purchase,BUY,,"$15,001 - $50,000",15001.0,50000.0,4.0,"Mullin, Markwayne",2026-02-04T16:58:00,,,
TRANSACTION,eFD_ Print Periodic Transaction Report2.pdf,,,,,,,PTR_TABLE_PDF,17.0,2026-01-05,Spouse,17,"Stride, Inc. Common Stock",Stock,Purchase,BUY,,"$15,001 - $50,000",15001.0,50000.0,4.0,"Mullin, Markwayne",2026-02-04T16:58:00,,,
TRANSACTION,eFD_ Print Periodic Transaction Report2.pdf,,,,,,,PTR_TABLE_PDF,16.0,2026-01-05,Spouse,16,"FirstCash Holdings, Inc. - Common Stock",Stock,Purchase,BUY,,"$15,001 - $50,000",15001.0,50000.0,4.0,"Mullin, Markwayne",2026-02-04T16:58:00,,,
TRANSACTION,eFD_ Print Periodic Transaction Report2.pdf,,,,,,,PTR_TABLE_PDF,15.0,2026-01-05,Spouse,15,Carpenter Technology Corporation Common Stock,Stock,Purchase,BUY,,"$15,001 - $50,000",15001.0,50000.0,5.0,"Mullin, Markwayne",2026-02-04T16:58:00,,,
TRANSACTION,eFD_ Print Periodic Transaction Report2.pdf,,,,,,,PTR_TABLE_PDF,14.0,2026-01-05,Spouse,14,Citigroup Inc,Stock,Purchase,BUY,,"$15,001 - $50,000",15001.0,50000.0,5.0,"Mullin, Markwayne",2026-02-04T16:58:00,,,
TRANSACTION,eFD_ Print Periodic Transaction Report2.pdf,,,,,,,PTR_TABLE_PDF,13.0,2026-01-05,Spouse,13,APi Group Corporation Common Stock,Stock,Purchase,BUY,,"$15,001 - $50,000",15001.0,50000.0,5.0,"Mullin, Markwayne",2026-02-04T16:58:00,,,
TRANSACTION,eFD_ Print Periodic Transaction Report2.pdf,,,,,,,PTR_TABLE_PDF,12.0,2026-01-05,Spouse,12,"Amkor Technology, Inc. - Common Stock",Stock,Purchase,BUY,,"$15,001 - $50,000",15001.0,50000.0,5.0,"Mullin, Markwayne",2026-02-04T16:58:00,,,
TRANSACTION,eFD_ Print Periodic Transaction Report2.pdf,,,,,,,PTR_TABLE_PDF,11.0,2026-01-05,Spouse,11,Adobe Inc. - Common Stock,Stock,Purchase,BUY,,"$15,001 - $50,000",15001.0,50000.0,5.0,"Mullin, Markwayne",2026-02-04T16:58:00,,,
TRANSACTION,eFD_ Print Periodic Transaction Report2.pdf,,,,,,,PTR_TABLE_PDF,10.0,2026-01-05,Self,10,VSE Corporation - Common Stock,Stock,Purchase,BUY,,"$15,001 - $50,000",15001.0,50000.0,5.0,"Mullin, Markwayne",2026-02-04T16:58:00,,,
TRANSACTION,eFD_ Print Periodic Transaction Report2.pdf,,,,,,,PTR_TABLE_PDF,9.0,2026-01-05,Self,9,"Monolithic Power Systems, Inc. - Common Stock",Stock,Purchase,BUY,,"$15,001 - $50,000",15001.0,50000.0,5.0,"Mullin, Markwayne",2026-02-04T16:58:00,,,
TRANSACTION,eFD_ Print Periodic Transaction Report2.pdf,,,,,,,PTR_TABLE_PDF,8.0,2026-01-05,Self,8,McKesson Corporation Common Stock,Stock,Purchase,BUY,,"$15,001 - $50,000",15001.0,50000.0,5.0,"Mullin, Markwayne",2026-02-04T16:58:00,,,
TRANSACTION,eFD_ Print Periodic Transaction Report2.pdf,,,,,,,PTR_TABLE_PDF,7.0,2026-01-05,Self,7,"Stride, Inc. Common Stock",Stock,Purchase,BUY,,"$15,001 - $50,000",15001.0,50000.0,5.0,"Mullin, Markwayne",2026-02-04T16:58:00,,,
TRANSACTION,eFD_ Print Periodic Transaction Report2.pdf,,,,,,,PTR_TABLE_PDF,6.0,2026-01-05,Self,6,"FirstCash Holdings, Inc. - Common Stock",Stock,Purchase,BUY,,"$15,001 - $50,000",15001.0,50000.0,5.0,"Mullin, Markwayne",2026-02-04T16:58:00,,,
TRANSACTION,eFD_ Print Periodic Transaction Report2.pdf,,,,,,,PTR_TABLE_PDF,5.0,2026-01-05,Self,5,Carpenter Technology Corporation Common Stock,Stock,Purchase,BUY,,"$15,001 - $50,000",15001.0,50000.0,5.0,"Mullin, Markwayne",2026-02-04T16:58:00,,,
TRANSACTION,eFD_ Print Periodic Transaction Report2.pdf,,,,,,,PTR_TABLE_PDF,4.0,2026-01-05,Self,4,Citigroup Inc,Stock,Purchase,BUY,,"$15,001 - $50,000",15001.0,50000.0,5.0,"Mullin, Markwayne",2026-02-04T16:58:00,,,
TRANSACTION,eFD_ Print Periodic Transaction Report2.pdf,,,,,,,PTR_TABLE_PDF,3.0,2026-01-05,Self,3,APi Group Corporation Common Stock,Stock,Purchase,BUY,,"$15,001 - $50,000",15001.0,50000.0,5.0,"Mullin, Markwayne",2026-02-04T16:58:00,,,
TRANSACTION,eFD_ Print Periodic Transaction Report2.pdf,,,,,,,PTR_TABLE_PDF,2.0,2026-01-05,Self,2,"Amkor Technology, Inc. - Common Stock",Stock,Purchase,BUY,,"$15,001 - $50,000",15001.0,50000.0,5.0,"Mullin, Markwayne",2026-02-04T16:58:00,,,
TRANSACTION,eFD_ Print Periodic Transaction Report2.pdf,,,,,,,PTR_TABLE_PDF,1.0,2026-01-05,Self,1,Adobe Inc. - Common Stock,Stock,Purchase,BUY,,"$15,001 - $50,000",15001.0,50000.0,5.0,"Mullin, Markwayne",2026-02-04T16:58:00,,,
TRANSACTION,eFD_ Print Periodic Transaction Report3.pdf,,,,,,,PTR_TABLE_PDF,4.0,2026-01-14,Self,4,"Lowe's Companies, Inc. Common Stock",Stock,Sale (Partial),SELL,PARTIAL,"$50,001 - $100,000",50001.0,100000.0,1.0,"Hickenlooper, John",2026-02-06T15:19:00,,,
TRANSACTION,eFD_ Print Periodic Transaction Report3.pdf,,,,,,,PTR_TABLE_PDF,3.0,2026-01-14,Self,3,"TJX Companies, Inc. (The) Common Stock",Stock,Sale (Partial),SELL,PARTIAL,"$50,001 - $100,000",50001.0,100000.0,1.0,"Hickenlooper, John",2026-02-06T15:19:00,,,
TRANSACTION,eFD_ Print Periodic Transaction Report3.pdf,,,,,,,PTR_TABLE_PDF,2.0,2026-01-14,Self,2,"Eaton Corporation, PLC Ordinary Shares",Stock,Purchase,BUY,,"$50,001 - $100,000",50001.0,100000.0,1.0,"Hickenlooper, John",2026-02-06T15:19:00,,,
TRANSACTION,eFD_ Print Periodic Transaction Report3.pdf,,,,,,,PTR_TABLE_PDF,1.0,2026-01-14,Self,1,"Uber Technologies, Inc. Common Stock",Stock,Purchase,BUY,,"$100,001 - $250,000",100001.0,250000.0,1.0,"Hickenlooper, John",2026-02-06T15:19:00,,,
ANNUAL_TABLE_ROW,"eFD_ Annual Report for 2025 - Tache, Joseph.pdf",,,,,,,,,,,,,,,,,,,,1.0,,,1.0,1.0,"[""Part 1. Honoraria Payments or Payments to Charity in Lieu of Honoraria\nDid any individual or organization pay you or your spouse more than $200, or donate any amount to a charity on your or your spouse’s behalf, for an article,\nspeech, or appearance? No""]"
ANNUAL_TABLE_ROW,"eFD_ Annual Report for 2025 - Tache, Joseph.pdf",,,,,,,,,,,,,,,,,,,,1.0,,,1.0,2.0,"[""Part 2. Earned and Non-Investment Income\nDid you or your spouse have reportable earned income or non-investment income? Yes""]"
ANNUAL_TABLE_ROW,"eFD_ Annual Report for 2025 - Tache, Joseph.pdf",,,,,,,,,,,,,,,,,,,,2.0,,,1.0,1.0,"[""Who\nWas Amount\n# Paid Type Who Paid Paid Comments\n1 Self Salary Mass Liberation $18,390.37 n/a\nBoston, MA\n2 Self Salary Greater Boston Together Inc. $23,397.00 n/a\nBoston, MA\n3 Self Salary Liberation News, Inc. $16,365.38 n/a\nSan Francisco, CA\n4 Self Salary Movement for Socialism Inc. $27,268.55 n/a\nNew York City, NY\n5 Self Other Commonwealth of Massachusetts $3,928.00 n/a\n(Unemployment Department of Unemployment\nInsurance) Boston, MA""]"
ANNUAL_TABLE_ROW,"eFD_ Annual Report for 2025 - Tache, Joseph.pdf",,,,,,,,,,,,,,,,,,,,2.0,,,1.0,2.0,"[""Part 3. Assets\nDid you, your spouse, or dependent child own any asset that had a value of more than $1,000 or generated income of more than $200? Yes\nAsset Income\nAsset Type Owner Value Type Income\n1 Roth IRA Brokerage Account IRA Self -- -- --\n1.1 VANGUARD TARGET RETIREMENT 2060 Mutual Self $1,001 - Dividends, $201 - $1,000\nINVESTOR CL Fund $15,000 Capital\nGains\n2 Capital One Bank Self $15,001 - Interest $2,501 - $5,000\nDeposit $50,000""]"
ANNUAL_TABLE_ROW,"eFD_ Annual Report for 2025 - Tache, Joseph.pdf",,,,,,,,,,,,,,,,,,,,2.0,,,1.0,3.0,"[""Part 4a. Periodic Transaction Report Summary""]"
ANNUAL_TABLE_ROW,"eFD_ Annual Report for 2025 - Tache, Joseph.pdf",,,,,,,,,,,,,,,,,,,,2.0,,,1.0,4.0,"[""""]"
ANNUAL_TABLE_ROW,"eFD_ Annual Report for 2025 - Tache, Joseph.pdf",,,,,,,,,,,,,,,,,,,,2.0,,,2.0,1.0,"["""", ""#"", ""Who\nWas\nPaid"", ""Type"", ""Who Paid"", ""Amount\nPaid"", ""Comments""]"
ANNUAL_TABLE_ROW,"eFD_ Annual Report for 2025 - Tache, Joseph.pdf",,,,,,,,,,,,,,,,,,,,2.0,,,2.0,2.0,"["""", ""1"", ""Self"", ""Salary"", ""Mass Liberation\nBoston, MA"", ""$18,390.37"", ""n/a""]"
ANNUAL_TABLE_ROW,"eFD_ Annual Report for 2025 - Tache, Joseph.pdf",,,,,,,,,,,,,,,,,,,,2.0,,,2.0,3.0,"["""", ""2"", ""Self"", ""Salary"", ""Greater Boston Together Inc.\nBoston, MA"", ""$23,397.00"", ""n/a""]"
ANNUAL_TABLE_ROW,"eFD_ Annual Report for 2025 - Tache, Joseph.pdf",,,,,,,,,,,,,,,,,,,,2.0,,,2.0,4.0,"["""", ""3"", ""Self"", ""Salary"", ""Liberation News, Inc.\nSan Francisco, CA"", ""$16,365.38"", ""n/a""]"
ANNUAL_TABLE_ROW,"eFD_ Annual Report for 2025 - Tache, Joseph.pdf",,,,,,,,,,,,,,,,,,,,2.0,,,2.0,5.0,"["""", ""4"", ""Self"", ""Salary"", ""Movement for Socialism Inc.\nNew York City, NY"", ""$27,268.55"", ""n/a""]"
ANNUAL_TABLE_ROW,"eFD_ Annual Report for 2025 - Tache, Joseph.pdf",,,,,,,,,,,,,,,,,,,,2.0,,,2.0,6.0,"["""", ""5"", ""Self"", ""Other\n(Unemployment\nInsurance)"", ""Commonwealth of Massachusetts\nDepartment of Unemployment\nBoston, MA"", ""$3,928.00"", ""n/a""]"
ANNUAL_TABLE_ROW,"eFD_ Annual Report for 2025 - Tache, Joseph.pdf",,,,,,,,,,,,,,,,,,,,2.0,,,3.0,1.0,"["""", ""Asset"", ""Asset\nType"", ""Owner"", ""Value"", ""Income\nType"", ""Income""]"
ANNUAL_TABLE_ROW,"eFD_ Annual Report for 2025 - Tache, Joseph.pdf",,,,,,,,,,,,,,,,,,,,2.0,,,3.0,2.0,"[""1"", ""Roth IRA Brokerage Account"", ""IRA"", ""Self"", ""--"", ""--"", ""--""]"
ANNUAL_TABLE_ROW,"eFD_ Annual Report for 2025 - Tache, Joseph.pdf",,,,,,,,,,,,,,,,,,,,2.0,,,3.0,3.0,"[""1.1"", ""VANGUARD TARGET RETIREMENT 2060\nINVESTOR CL"", ""Mutual\nFund"", ""Self"", ""$1,001 -\n$15,000"", ""Dividends,\nCapital\nGains"", ""$201 - $1,000""]"
ANNUAL_TABLE_ROW,"eFD_ Annual Report for 2025 - Tache, Joseph.pdf",,,,,,,,,,,,,,,,,,,,2.0,,,3.0,4.0,"[""2"", ""Capital One"", ""Bank\nDeposit"", ""Self"", ""$15,001 -\n$50,000"", ""Interest"", ""$2,501 - $5,000""]"
ANNUAL_TABLE_ROW,"eFD_ Annual Report for 2025 - Tache, Joseph.pdf",,,,,,,,,,,,,,,,,,,,3.0,,,1.0,1.0,"[""Part 4b. Transactions\nNot required""]"
ANNUAL_TABLE_ROW,"eFD_ Annual Report for 2025 - Tache, Joseph.pdf",,,,,,,,,,,,,,,,,,,,3.0,,,1.0,2.0,"[""Part 5. Gifts\nNot required""]"
ANNUAL_TABLE_ROW,"eFD_ Annual Report for 2025 - Tache, Joseph.pdf",,,,,,,,,,,,,,,,,,,,3.0,,,1.0,3.0,"[""Part 6. Travel\nNot required""]"
ANNUAL_TABLE_ROW,"eFD_ Annual Report for 2025 - Tache, Joseph.pdf",,,,,,,,,,,,,,,,,,,,3.0,,,1.0,4.0,"[""Part 7. Liabilities\nDid you, your spouse, or dependent child have a reportable, non-revolving charge account liability worth more than $10,000 at any time or a revolving\ncharge account whose value exceeded $10,000 as of the last day of the reporting period? No""]"
ANNUAL_TABLE_ROW,"eFD_ Annual Report for 2025 - Tache, Joseph.pdf",,,,,,,,,,,,,,,,,,,,3.0,,,1.0,5.0,"[""Part 8. Positions\nDid you hold any reportable outside positions during the reporting period? Yes""]"
ANNUAL_TABLE_ROW,"eFD_ Annual Report for 2025 - Tache, Joseph.pdf",,,,,,,,,,,,,,,,,,,,4.0,,,1.0,1.0,"[""Position\n# Position Dates Held Entity Entity Type Comments\n1 Sep 2022 to May 2024 Employee Mass Liberation Nonprofit Organization n/a\nBoston, MA\n2 May 2024 to Nov 2024 Employee Greater Boston Together Nonprofit Organization n/a\nBoston, MA\n3 Mar 2025 to Jun 2025 Employee Liberation News Corporation n/a\nSan Francisco, CA\n4 Jan 2026 to present Employee Liberation News Corporation n/a\nSan Francisco, CA\n5 Jun 2025 to Dec 2025 Employee Movement for Socialism Inc. Nonprofit Organization n/a\nAstoria, NY""]"
ANNUAL_TABLE_ROW,"eFD_ Annual Report for 2025 - Tache, Joseph.pdf",,,,,,,,,,,,,,,,,,,,4.0,,,1.0,2.0,"[""Part 9. Agreements\nDid you have any reportable agreement or arrangement with an outside entity? No""]"
ANNUAL_TABLE_ROW,"eFD_ Annual Report for 2025 - Tache, Joseph.pdf",,,,,,,,,,,,,,,,,,,,4.0,,,1.0,3.0,"[""Part 10. Compensation\nOnly required if you are a candidate or this is your first report: Did any person or entity pay more than $5,000 to you or for services provided by you? Yes\n# Source Duties Comments\n1 Mass Liberation Community outreach, civic engagement, popular education n/a\nBoston, MA\n2 Greater Boston Together Community outreach, community organizing and activism, popular n/a\nBoston, MA education\n3 Liberation News Leadership development and training, popular education, volunteer n/a\nSan Francisco, CA engagement\n4 Movement for Socialism Popular education, volunteer recruitment and training, leadership n/a\nInc. development\nAstoria, NY""]"
ANNUAL_TABLE_ROW,"eFD_ Annual Report for 2025 - Tache, Joseph.pdf",,,,,,,,,,,,,,,,,,,,4.0,,,1.0,4.0,"[""""]"
ANNUAL_TABLE_ROW,"eFD_ Annual Report for 2025 - Tache, Joseph.pdf",,,,,,,,,,,,,,,,,,,,4.0,,,2.0,1.0,"["""", ""#"", ""Position Dates"", ""Position\nHeld"", ""Entity"", ""Entity Type"", ""Comments""]"
ANNUAL_TABLE_ROW,"eFD_ Annual Report for 2025 - Tache, Joseph.pdf",,,,,,,,,,,,,,,,,,,,4.0,,,2.0,2.0,"["""", ""1"", ""Sep 2022 to May 2024"", ""Employee"", ""Mass Liberation\nBoston, MA"", ""Nonprofit Organization"", ""n/a""]"
ANNUAL_TABLE_ROW,"eFD_ Annual Report for 2025 - Tache, Joseph.pdf",,,,,,,,,,,,,,,,,,,,4.0,,,2.0,3.0,"["""", ""2"", ""May 2024 to Nov 2024"", ""Employee"", ""Greater Boston Together\nBoston, MA"", ""Nonprofit Organization"", ""n/a""]"
ANNUAL_TABLE_ROW,"eFD_ Annual Report for 2025 - Tache, Joseph.pdf",,,,,,,,,,,,,,,,,,,,4.0,,,2.0,4.0,"["""", ""3"", ""Mar 2025 to Jun 2025"", ""Employee"", ""Liberation News\nSan Francisco, CA"", ""Corporation"", ""n/a""]"
ANNUAL_TABLE_ROW,"eFD_ Annual Report for 2025 - Tache, Joseph.pdf",,,,,,,,,,,,,,,,,,,,4.0,,,2.0,5.0,"["""", ""4"", ""Jan 2026 to present"", ""Employee"", ""Liberation News\nSan Francisco, CA"", ""Corporation"", ""n/a""]"
ANNUAL_TABLE_ROW,"eFD_ Annual Report for 2025 - Tache, Joseph.pdf",,,,,,,,,,,,,,,,,,,,4.0,,,2.0,6.0,"["""", ""5"", ""Jun 2025 to Dec 2025"", ""Employee"", ""Movement for Socialism Inc.\nAstoria, NY"", ""Nonprofit Organization"", ""n/a""]"
ANNUAL_TABLE_ROW,"eFD_ Annual Report for 2025 - Tache, Joseph.pdf",,,,,,,,,,,,,,,,,,,,4.0,,,3.0,1.0,"["""", ""#"", ""Source"", ""Duties"", ""Comments""]"
ANNUAL_TABLE_ROW,"eFD_ Annual Report for 2025 - Tache, Joseph.pdf",,,,,,,,,,,,,,,,,,,,4.0,,,3.0,2.0,"["""", ""1"", ""Mass Liberation\nBoston, MA"", ""Community outreach, civic engagement, popular education"", ""n/a""]"
ANNUAL_TABLE_ROW,"eFD_ Annual Report for 2025 - Tache, Joseph.pdf",,,,,,,,,,,,,,,,,,,,4.0,,,3.0,3.0,"["""", ""2"", ""Greater Boston Together\nBoston, MA"", ""Community outreach, community organizing and activism, popular\neducation"", ""n/a""]"
ANNUAL_TABLE_ROW,"eFD_ Annual Report for 2025 - Tache, Joseph.pdf",,,,,,,,,,,,,,,,,,,,4.0,,,3.0,4.0,"["""", ""3"", ""Liberation News\nSan Francisco, CA"", ""Leadership development and training, popular education, volunteer\nengagement"", ""n/a""]"
ANNUAL_TABLE_ROW,"eFD_ Annual Report for 2025 - Tache, Joseph.pdf",,,,,,,,,,,,,,,,,,,,4.0,,,3.0,5.0,"["""", ""4"", ""Movement for Socialism\nInc.\nAstoria, NY"", ""Popular education, volunteer recruitment and training, leadership\ndevelopment"", ""n/a""]"
